"","kTotal","kWithin","kOut","kDiff","module"
"SIRT2",5.66726207046304,5.52311933674474,0.144142733718305,5.37897660302643,"black"
"SIRT1",5.56782436639271,5.37241825532917,0.195406111063541,5.17701214426563,"black"
"SESN3",5.3786724072153,5.25945477387326,0.119217633342039,5.14023714053122,"black"
"ESR1",5.01598004412482,4.84205605988129,0.173923984243533,4.66813207563775,"black"
"Cox4i1",4.90841636697317,4.77388023678378,0.134536130189393,4.63934410659439,"black"
"CCAR2",4.85852682710692,4.68923265286892,0.169294174237995,4.51993847863093,"black"
"HSP90AA1",4.42034423024391,4.26227272899903,0.158071501244881,4.10420122775415,"black"
"UCP2",4.31420117559075,4.06253493042605,0.251666245164694,3.81086868526136,"black"
"HIC1",4.24560686566665,4.0516516570794,0.193955208587245,3.85769644849216,"black"
"Naprt1",3.96302389431949,3.76576144144987,0.197262452869619,3.56849898858025,"black"
"NR3C2",3.87574489439737,3.65085115127856,0.224893743118807,3.42595740815975,"black"
"SIRT3",3.67874476487028,3.53178143983688,0.146963325033399,3.38481811480348,"black"
"UCP3",3.96065248909839,3.50033430176239,0.460318187335999,3.04001611442639,"black"
"Tfam",3.89587500959493,3.49254647248086,0.403328537114064,3.0892179353668,"black"
"DNAJA1",3.60613919423032,3.37255190478549,0.233587289444832,3.13896461534066,"black"
"DNAJB6",3.50215383843584,3.00839581168376,0.493758026752083,2.51463778493167,"black"
"SIRT4",3.37799407655339,2.96282925018404,0.415164826369357,2.54766442381468,"black"
"EPAS1",3.33688078394612,2.92354321930959,0.413337564636527,2.51020565467307,"black"
"ACSS2",3.0647718329663,2.87928339693111,0.185488436035187,2.69379496089592,"black"
"DLG3",2.75572608928662,2.6126959317037,0.143030157582919,2.46966577412079,"black"
"SIRT5",2.8696866886393,2.59566676357066,0.274019925068641,2.32164683850202,"black"
"PRKAG2",2.83300464050279,2.5745096457021,0.258494994800692,2.31601465090141,"black"
"GH1",2.86809446705753,2.32510599430193,0.542988472755599,1.78211752154633,"black"
"Foxo1",2.63102589194915,2.30003767378674,0.330988218162415,1.96904945562432,"black"
"RARB",2.7171532266875,2.25210727212438,0.465045954563116,1.78706131756126,"black"
"MME/NEP",2.33004432547605,2.23988116568225,0.0901631597937937,2.14971800588846,"black"
"AR",2.70083593252946,2.22788680021682,0.472949132312634,1.75493766790419,"black"
"ACSS1",2.21996834544962,2.10627734421028,0.113691001239344,1.99258634297093,"black"
"SIRT7",2.97391579522973,1.97511567881252,0.998800116417202,0.976315562395321,"black"
"HSPA13/STCH",2.50994042935528,1.84175133307983,0.668189096275449,1.17356223680438,"black"
"HSF2BP",1.95906183227341,1.70138272031627,0.257679111957149,1.44370360835912,"black"
"DDX1",1.68697662236385,1.49691612811735,0.190060494246498,1.30685563387085,"black"
"CREBBP",1.53008838271731,1.42514498659566,0.104943396121646,1.32020159047402,"black"
"ERN1",1.48022807960601,1.40883918854455,0.0713888910614595,1.33745029748309,"black"
"STX4A",1.59174259484639,1.34218136988718,0.249561224959204,1.09262014492798,"black"
"USP8",1.60841203924785,1.25965883810454,0.348753201143309,0.910905636961234,"black"
"SNCAIP",1.93574950822022,1.16826079243427,0.767488715785947,0.400772076648324,"black"
"HSPA8/HSC70",1.31237295793503,1.13712320161704,0.175249756317993,0.961873445299046,"black"
"MAPK3/ERK1",1.18294938862637,1.04899413430029,0.133955254326088,0.915038879974197,"black"
"PPP2R1A",1.16286881087845,1.02293541522884,0.139933395649609,0.883002019579233,"black"
"MLH1",1.05143251495452,0.940141256097623,0.111291258856894,0.82884999724073,"black"
"RPS19BP1",0.972806079938939,0.926683007992983,0.0461230719459562,0.880559936047027,"black"
"SYNGR1",1.08817385959793,0.853761342866179,0.234412516731748,0.619348826134431,"black"
"CARM1",0.898590260389625,0.738819949387268,0.159770311002357,0.579049638384911,"black"
"PRKAG1",0.734496994263206,0.653666317684775,0.080830676578431,0.572835641106344,"black"
"IDE",1.03203063173294,0.630031254092691,0.401999377640246,0.228031876452445,"black"
"BAP1",0.94606672505824,0.588505877874275,0.357560847183965,0.23094503069031,"black"
"FASN",0.652546702135518,0.509194421195116,0.143352280940401,0.365842140254715,"black"
"SNAP29",0.822074670490232,0.465797952784318,0.356276717705914,0.109521235078404,"black"
"SYNJ1",0.502968734472235,0.345280011646119,0.157688722826116,0.187591288820003,"black"
"MIS18A/C21ORF45",37.488631585627,29.7547539770936,7.73387760853339,22.0208763685602,"blue"
"ITGB1",38.239878601437,28.4082009466314,9.83167765480556,18.5765232918259,"blue"
"IRS2",35.418010959605,28.1424745874424,7.2755363721626,20.8669382152798,"blue"
"ITGA6",37.0591964288749,27.8389035858101,9.2202928430648,18.6186107427453,"blue"
"LINC00158/C21ORF42",35.6517116509062,27.8333643596545,7.81834729125174,20.0150170684027,"blue"
"SAMSN1",34.6774953454756,27.62167070005,7.05582464542562,20.5658460546244,"blue"
"RAB2A",33.9226835580568,27.5575920069989,6.36509155105786,21.1925004559411,"blue"
"LINC00159/C21ORF44",34.664070798681,27.0475824574977,7.61648834118324,19.4310941163145,"blue"
"TFF1",33.5244295454266,26.8286597078607,6.69576983756583,20.1328898702949,"blue"
"CHRNA6",33.0941218228376,26.6154655814348,6.47865624140281,20.136809340032,"blue"
"TFF2",31.4088687393189,26.1707142094427,5.2381545298762,20.9325596795665,"blue"
"MAPT3",35.0467812406883,26.0910630199909,8.95571822069732,17.1353447992936,"blue"
"COL18A1",34.5088914804401,26.0694921388347,8.43939934160532,17.6300927972294,"blue"
"IGF2R",32.1938358660746,25.8605219156937,6.33331395038087,19.5272079653128,"blue"
"ITGA4",36.3804131855971,25.6298704779697,10.7505427076274,14.8793277703423,"blue"
"RAB24",31.698879353136,25.4876235582526,6.21125579488335,19.2763677633693,"blue"
"CLDN17",37.921673105774,25.4811064570172,12.4405666487568,13.0405398082604,"blue"
"MAPT4",34.5912662887511,25.4025560094698,9.1887102792813,16.2138457301885,"blue"
"ADCY7",31.1342062442231,24.6915071191523,6.44269912507082,18.2488079940815,"blue"
"LINC00160/C21ORF52",28.6641547880826,24.5691186932166,4.09503609486606,20.4740825983505,"blue"
"RAB9",33.4921753417128,24.5482122190876,8.94396312262518,15.6042490964624,"blue"
"BMP1",31.9607298417929,24.3890570217445,7.57167282004846,16.817384201696,"blue"
"RUNX1",31.9499901290696,24.1642138510989,7.78577627797062,16.3784375731283,"blue"
"SORT1",31.0315557639437,23.8895751785873,7.14198058535642,16.7475945932309,"blue"
"KCNA6",28.5253585170151,23.7973514997429,4.72800701727222,19.0693444824707,"blue"
"LINC00308/C21ORF74",29.130058125602,23.7506194992659,5.37943862633603,18.3711808729299,"blue"
"LCA5L/C21ORF13",32.2398383032644,23.5621648570653,8.67767344619914,14.8844914108662,"blue"
"GNAI1",27.4018486993731,23.5362197042584,3.86562899511472,19.6705907091437,"blue"
"RABGGTB",30.7987108507805,22.6301031952999,8.16860765548061,14.4614955398192,"blue"
"LINC00189/C21ORF109",29.5106895604648,22.4983780227324,7.01231153773243,15.486066485,"blue"
"CYP4F29P/C21ORF15",26.4632020256774,22.1520303361256,4.31117168955186,17.8408586465737,"blue"
"NOTCH1",31.4257219820486,22.034506258486,9.39121572356255,12.6432905349235,"blue"
"SH3BGR",25.0200818981568,21.8910690892497,3.12901280890716,18.7620562803425,"blue"
"TIAM1",25.3383434943965,21.6978114265402,3.64053206785633,18.0572793586839,"blue"
"JUND",26.7517740433296,21.6716716662092,5.08010237712037,16.5915692890889,"blue"
"GNA15",25.5193369203061,21.2638344905682,4.25550242973789,17.0083320608303,"blue"
"DSCR1",29.0058396916008,21.0183021036537,7.98753758794712,13.0307645157066,"blue"
"ATG4D",27.0688293142946,20.960097833819,6.10873148047556,14.8513663533434,"blue"
"SRR",27.8086946754953,20.5696228114649,7.23907186403038,13.3305509474345,"blue"
"MAPT2N6P",30.2364096471792,20.4592246302762,9.77718501690298,10.6820396133732,"blue"
"RAB3A",24.822710925484,20.4221294532735,4.40058147221056,16.0215479810629,"blue"
"SLC2A2",29.1930279032987,20.3919591916875,8.80106871161122,11.5908904800762,"blue"
"CART",29.2031043985361,20.3051837444041,8.89792065413204,11.407263090272,"blue"
"PSEN2",32.7329054018397,19.9263420412112,12.8065633606285,7.11977868058263,"blue"
"TMPRSS15/PRSS7",22.9319235076617,19.9094461843969,3.02247732326482,16.8869688611321,"blue"
"NDEL1/NUDEL",28.4859826667708,19.1755813829701,9.31040128380077,9.86518009916929,"blue"
"LINC00320/FLJ37539",22.4573445610688,18.9112365663363,3.54610799473245,15.3651285716039,"blue"
"ITGA1",23.719974744833,18.4876847380297,5.23229000680329,13.2553947312264,"blue"
"CHRNA1",22.6712258972972,18.3600527442276,4.31117315306966,14.0488795911579,"blue"
"PFKL",27.1985245840355,18.2239254412748,8.97459914276066,9.24932629851416,"blue"
"PAX6",20.6410984258075,18.0497663933976,2.5913320324099,15.4584343609877,"blue"
"KCNB1",19.9559810507118,17.6479928685883,2.30798818212349,15.3400046864648,"blue"
"GNAL",20.1151872787528,17.3136795630862,2.80150771566657,14.5121718474197,"blue"
"CALB1",23.6323839969557,17.1174158358971,6.51496816105857,10.6024476748386,"blue"
"PSEN1",19.9998577008749,16.4356346127334,3.56422308814155,12.8714115245918,"blue"
"KRTAP11-1",25.4491219976338,16.2657258102188,9.18339618741496,7.08232962280385,"blue"
"SETD4",22.1236611578885,15.921783940384,6.20187721750448,9.71990672287955,"blue"
"GNAQ",18.4426480575137,15.90388212737,2.5387659301436,13.3651161972264,"blue"
"NTN1",23.8172048749713,15.7405902704083,8.07661460456308,7.66397566584518,"blue"
"RASSF2",19.9133375949115,15.715725979448,4.1976116154635,11.5181143639845,"blue"
"KCNC1",18.9507954033201,15.6900740097705,3.26072139354952,12.429352616221,"blue"
"CHRM1",17.7219270150435,15.501632671562,2.22029434348152,13.2813383280804,"blue"
"MRPL39",17.0742757988719,15.4692322355872,1.60504356328474,13.8641886723024,"blue"
"ITGA3",19.0196624988523,15.2562902687014,3.7633722301509,11.4929180385505,"blue"
"RWDD2B/C21ORF6",19.6234030434238,15.1793834471264,4.44401959629744,10.735363850829,"blue"
"SLC2A6",16.9876114755928,14.8271421787296,2.16046929686317,12.6666728818665,"blue"
"KCNE2",20.7104952698741,14.6071511075659,6.10334416230824,8.50380694525764,"blue"
"SLC1A1/EAAT3",23.5455480400674,13.970459757219,9.57508828284846,4.3953714743705,"blue"
"TCP10L",21.3299662193144,13.2062392714313,8.12372694788308,5.08251232354824,"blue"
"MAPT2N6D",21.5636532090423,13.0377667022069,8.5258865068354,4.51188019537154,"blue"
"UBASH3A",18.8556708629735,13.0153525389272,5.84031832404627,7.17503421488092,"blue"
"MX1",14.7350350160719,12.8869816375118,1.84805337856004,11.0389282589518,"blue"
"SLC2A5",19.6161549926445,12.8378585172769,6.77829647536765,6.05956204190921,"blue"
"LINC00515/C21ORF71",14.860485823987,12.8007688873508,2.05971693663618,10.7410519507147,"blue"
"LSS",21.6817275268878,12.7586070326839,8.92312049420391,3.83548653848,"blue"
"RRP1B",17.5194651209874,12.7278307832623,4.7916343377251,7.93619644553715,"blue"
"MAP1b",18.5671317122238,12.6781763649613,5.88895534726244,6.78922101769887,"blue"
"CHRM3",16.958530830866,12.4821795945769,4.47635123628905,8.00582835828786,"blue"
"LAMA2",20.4324860080409,12.3588367623398,8.07364924570105,4.28518751663877,"blue"
"LTN1/ZNF294",13.6519596187907,12.3162831690676,1.33567644972311,10.9806067193445,"blue"
"ACHE",19.3588365899345,12.2530404056377,7.10579618429681,5.14724422134087,"blue"
"NF1",13.4634394296144,12.2291702641209,1.23426916549346,10.9949010986274,"blue"
"RAB6A",13.0995197771014,11.4087556065695,1.69076417053188,9.71799143603765,"blue"
"BCL2",12.198762574238,11.1378535991368,1.06090897510117,10.0769446240357,"blue"
"CHRM4",16.0313342524289,11.0658201567122,4.96551409571673,6.10030606099546,"blue"
"DPP10",14.905651429468,11.0595664261124,3.84608500335559,7.21348142275682,"blue"
"HTR2B",12.7517973551934,10.845254995059,1.90654236013439,8.93871263492465,"blue"
"NCAM1/NCAMX1",12.4061776654513,10.7678884561133,1.638289209338,9.12959924677526,"blue"
"MRPS6",11.6527067546445,10.7375582522669,0.91514850237759,9.82240974988936,"blue"
"CCK",12.9916665127041,10.3971447538718,2.59452175883224,7.80262299503958,"blue"
"DSCR9",14.4952169171451,9.6867194884702,4.80849742867491,4.8782220597953,"blue"
"RRP1",14.1165707633267,9.62751484994971,4.48905591337698,5.13845893657273,"blue"
"PAFAH1B1/LIS1",15.4003882668187,9.46588389379487,5.93450437302379,3.53137952077108,"blue"
"AP1S2",10.9230429498106,8.83892036612876,2.08412258368182,6.75479778244695,"blue"
"USP16",9.9454017202726,8.66605432237241,1.27934739790018,7.38670692447223,"blue"
"KCNJ6",11.1991075813789,8.24643218181967,2.95267539955921,5.29375678226046,"blue"
"PCBP3",11.948079826877,8.23913793296223,3.70894189391479,4.53019603904744,"blue"
"SCAF4/SFRS15/CTDBP",9.74672217330197,8.13171087641805,1.61501129688392,6.51669957953412,"blue"
"NRG2",9.07906486168592,7.67376190415048,1.40530295753543,6.26845894661505,"blue"
"VLDLR",11.8247038124203,7.24990713248868,4.57479667993161,2.67511045255707,"blue"
"SIM2",8.21426607986309,7.02066203696837,1.19360404289472,5.82705799407365,"blue"
"SLC2A8",7.92666816441089,6.89454865266689,1.032119511744,5.86242914092288,"blue"
"HSPG2",11.4095238524273,6.6538294862142,4.75569436621305,1.89813512000115,"blue"
"NTRK1",10.7924376610033,6.23667031806944,4.5557673429339,1.68090297513555,"blue"
"RSPH1/TSGA2",12.8384379045901,6.04023965119457,6.79819825339556,-0.757958602200988,"blue"
"RAB4A",7.40662162104578,5.9746603739815,1.43196124706428,4.54269912691722,"blue"
"SUMO3",9.60876284576239,5.87737150563188,3.73139134013051,2.14598016550137,"blue"
"LINC00478/C21ORF34",8.1932975320774,5.634491884764,2.5588056473134,3.07568623745061,"blue"
"FOS",8.95194015917174,5.26680793490578,3.68513222426595,1.58167571063983,"blue"
"PARK7/DJ1",11.2231880682293,5.1798956841235,6.04329238410579,-0.863396699982287,"blue"
"RAB5A",5.64184492920385,4.88564860526677,0.756196323937086,4.12945228132968,"blue"
"CSF1",10.333477094233,4.76933591980962,5.56414117442334,-0.794805254613717,"blue"
"KCNE1",5.39332371451645,4.27963660486171,1.11368710965474,3.16594949520696,"blue"
"SLC6A12/GAT2",5.58904292001465,4.2155390791428,1.37350384087185,2.84203523827095,"blue"
"ADRA2B",5.82665534010283,4.1889900511861,1.63766528891673,2.55132476226937,"blue"
"GRM6",5.59105684157893,3.91963555552364,1.67142128605529,2.24821426946835,"blue"
"CNR1",4.47445426870932,3.66709070015777,0.807363568551542,2.85972713160623,"blue"
"DRD1",4.51025115045816,2.54559707156609,1.96465407889207,0.580942992674015,"blue"
"NTF3",5.09210251255635,1.94500410487555,3.1470984076808,-1.20209430280525,"blue"
"GFAP",2.8157750529224,1.8908702920695,0.9249047608529,0.9659655312166,"blue"
"RAB11B",4.83581774412265,1.58610343218324,3.2497143119394,-1.66361087975616,"blue"
"NPC1",2.19939095096433,1.5560296787701,0.643361272194232,0.91266840657587,"blue"
"CTSL",3.17874122824591,1.45466174026257,1.72407948798334,-0.269417747720778,"blue"
"ADRA2A",1.39679815557039,1.04758651325257,0.349211642317815,0.698374870934757,"blue"
"RAB27A",2.38366604870116,0.697420154981617,1.68624589371954,-0.988825738737924,"blue"
"IL6",1.39311478145447,0.687391056542529,0.705723724911938,-0.0183326683694087,"blue"
"RELN",1.36881250450413,0.57570974148792,0.793102763016213,-0.217393021528293,"blue"
"ADRA1B",1.82594547947801,0.566815885832133,1.25912959364587,-0.69231370781374,"blue"
"IGF2",0.663925763606477,0.38946172746779,0.274464036138687,0.114997691329104,"blue"
"CHRNA7",0.596423508734074,0.372805575774743,0.223617932959331,0.149187642815413,"blue"
"PPP1CB",0.648545452570574,0.301301721739003,0.347243730831571,-0.0459420090925677,"blue"
"pBs",0.346411889960061,0.0507805883688293,0.295631301591232,-0.244850713222403,"blue"
"DONSON",16.4359898321269,9.87446566712371,6.56152416500318,3.31294150212053,"brown"
"TUBA1",11.4103435532917,9.54901603091092,1.8613275223808,7.68768850853012,"brown"
"IGF1R/IGFIR/IGFR1",11.6497960082727,9.51624503221721,2.13355097605546,7.38269405616175,"brown"
"DSCR8",13.2563045156083,9.45434223469346,3.80196228091488,5.65237995377858,"brown"
"DSCR4",14.2452304184425,9.45152673031238,4.79370368813013,4.65782304218225,"brown"
"BCHE",16.5908822500253,9.19675216857861,7.39413008144673,1.80262208713188,"brown"
"CLCN7",18.5502167097095,9.14386379693564,9.40635291277389,-0.26248911583825,"brown"
"CLDN8",12.2248986049553,8.90561929276835,3.31927931218696,5.5863399805814,"brown"
"KIDINS220/ARMS",18.187486198737,8.85107273883745,9.33641345989953,-0.485340721062084,"brown"
"MRAP",11.906838182003,8.80863845277685,3.09819972922616,5.71043872355069,"brown"
"CHRNA2",18.960497613234,8.79243109576432,10.1680665174697,-1.37563542170533,"brown"
"ADCY8",16.4740351607466,8.63634162504578,7.83769353570081,0.798648089344972,"brown"
"FGF2",13.7852467565193,8.44950295427332,5.33574380224597,3.11375915202734,"brown"
"ABCC13",9.72437880370756,8.41648092296308,1.30789788074449,7.10858304221859,"brown"
"SAA4",18.7644230576215,8.41645835914085,10.3479646984807,-1.93150633933982,"brown"
"CHRNA5",13.100671420723,8.35645642467663,4.74421499604638,3.61224142863024,"brown"
"CACNA1C",15.7545860571859,8.31064975124273,7.44393630594312,0.866713445299613,"brown"
"POTED/ANDRK21",9.14644079694072,8.29757805184938,0.848862745091333,7.44871530675805,"brown"
"CHODL-AS1/C21ORF39",10.7205564444459,8.07517079999228,2.64538564445366,5.42978515553861,"brown"
"CHRNA4",9.6241946052196,7.96988674708397,1.65430785813563,6.31557888894834,"brown"
"ADAMTS1",9.08191745767183,7.96041968592814,1.12149777174369,6.83892191418444,"brown"
"CLCN6",10.6289204019847,7.915466753803,2.71345364818166,5.20201310562134,"brown"
"ARHGDIB",16.356578004023,7.79655109858853,8.56002690543442,-0.763475806845886,"brown"
"ADCY5",10.7761200692992,7.79251973820218,2.98360033109698,4.8089194071052,"brown"
"FBP2",11.6084210395234,7.68762911009805,3.9207919294254,3.76683718067266,"brown"
"RAB1A",13.9909626091243,7.67595473103285,6.31500787809141,1.36094685294143,"brown"
"TUBB2C",9.80069056090646,7.671336337144,2.12935422376246,5.54198211338153,"brown"
"BAX",12.0583542089485,7.61610805549964,4.4422461534489,3.17386190205074,"brown"
"DSCAM",9.70498707940894,7.60433762776638,2.10064945164256,5.50368817612381,"brown"
"DNAJC28/C21ORF55",8.5650195882983,7.56155236581702,1.00346722248129,6.55808514333573,"brown"
"RUNX1-IT1/C21ORF96",13.4651532329713,7.55936193353646,5.90579129943484,1.65357063410162,"brown"
"GRM8",12.2349472635012,7.5557985829499,4.6791486805513,2.87664990239861,"brown"
"NEFH",9.08837256837525,7.50627753505131,1.58209503332395,5.92418250172736,"brown"
"CHRNA3",22.5957432214245,7.46471398101704,15.1310292404075,-7.66631525939042,"brown"
"ADCY6",11.0316730775617,7.25408162021085,3.7775914573508,3.47649016286006,"brown"
"NGFB",10.0851682348762,7.23466220014341,2.85050603473282,4.3841561654106,"brown"
"ADCY9",8.43236217668773,7.04896196631717,1.38340021037055,5.66556175594662,"brown"
"NES",8.29636550755186,6.95075959804029,1.34560590951156,5.60515368852873,"brown"
"MBD2",7.72083126426403,6.92212788806052,0.798703376203507,6.12342451185702,"brown"
"CACNA1B",8.45043910175685,6.88881045867681,1.56162864308004,5.32718181559677,"brown"
"KRTAP6-1",18.7568143879587,6.84544200896924,11.9113723789894,-5.06593037002021,"brown"
"MAP3K7CL/C21ORF7",8.45724646971136,6.81129816744618,1.64594830226518,5.16534986518099,"brown"
"MCM3AP",7.98304999537168,6.768144098452,1.21490589691969,5.55323820153231,"brown"
"TNFRSF1A/TR1A",9.73608903290717,6.75333038955385,2.98275864335332,3.77057174620054,"brown"
"VCAN/CSPG2",14.8309228316819,6.72653359347315,8.10438923820877,-1.37785564473563,"brown"
"DPP6",19.0473617019612,6.69599752596981,12.3513641759913,-5.65536665002154,"brown"
"DSCR10",19.7901287550158,6.66002730321195,13.1301014518039,-6.47007414859193,"brown"
"COL6A1",9.2846877080831,6.60413101780267,2.68055669028044,3.92357432752223,"brown"
"ADAMTS5",9.00296779154002,6.57708947316029,2.42587831837973,4.15121115478056,"brown"
"RBL2",8.84644367978349,6.5730012545178,2.27344242526569,4.29955882925212,"brown"
"ADCY1",9.44446613894826,6.42271447034493,3.02175166860333,3.4009628017416,"brown"
"TGM1/TGMI",8.45756453286145,6.41357205724176,2.0439924756197,4.36957958162206,"brown"
"HDAC6",6.95060094116166,6.34308255807911,0.607518383082542,5.73556417499657,"brown"
"NRG1",10.4739134296423,6.32562413434592,4.14828929529636,2.17733483904957,"brown"
"ATG4C",7.98645702356863,6.29708111647097,1.68937590709767,4.6077052093733,"brown"
"S100B",21.358684532192,6.25136725706089,15.1073172751311,-8.85595001807025,"brown"
"APPL1",9.92838851029293,5.99440738227258,3.93398112802036,2.06042625425222,"brown"
"ADCY3",8.6079741500506,5.94864887653972,2.65932527351088,3.28932360302884,"brown"
"NTF5",7.41996113988324,5.80198799050939,1.61797314937385,4.18401484113554,"brown"
"NGFR/TNFR",6.13376865172211,5.70763474767355,0.426133904048555,5.281500843625,"brown"
"GRM7",7.90765142032162,5.6993617848158,2.20828963550582,3.49107214930999,"brown"
"CHRNB2",6.30629040079211,5.30342956031783,1.00286084047428,4.30056871984355,"brown"
"LMX1A/LMX1",15.1579752500177,5.25315145604667,9.90482379397101,-4.65167233792434,"brown"
"HDAC1",5.5866015633968,5.10218494219044,0.484416621206358,4.61776832098408,"brown"
"STMN2",8.41915570244901,5.09998501241488,3.31917069003413,1.78081432238076,"brown"
"NOS2A",6.30221997301318,5.04040083810505,1.26181913490814,3.77858170319691,"brown"
"DNMT1",5.73792550229824,4.98180433116006,0.756121171138187,4.22568316002187,"brown"
"CNTF",6.46813139324443,4.90507502878515,1.56305636445928,3.34201866432586,"brown"
"MAPT2",6.05755354426557,4.84643250405146,1.21112104021411,3.63531146383735,"brown"
"MAPT1N6P",5.20476390057705,4.80918361863703,0.395580281940015,4.41360333669702,"brown"
"PSENEN",5.17730262789272,4.71304915244045,0.464253475452271,4.24879567698818,"brown"
"CALB2",5.61213823308075,4.70804691802037,0.904091315060379,3.80395560295999,"brown"
"NRP1/NRP",5.01043784135913,4.70196468809368,0.308473153265445,4.39349153482824,"brown"
"STMN1",5.74899908814239,4.62866505611848,1.12033403202391,3.50833102409457,"brown"
"SLC1A2/EAAT2",5.20293958969503,4.59557341613238,0.607366173562654,3.98820724256973,"brown"
"SMIM11/C21ORF51",6.26786349837158,4.48770917756077,1.78015432081081,2.70755485674996,"brown"
"NEFM/NEF3",5.39131244550114,4.47183091363685,0.919481531864294,3.55234938177255,"brown"
"CHRM5",4.73010930451742,4.39440805119452,0.335701253322899,4.05870679787162,"brown"
"SIK1/SNF1LK",6.19040055890604,4.31782369754251,1.87257686136353,2.44524683617898,"brown"
"MAPT",8.06156191450701,4.31361091508218,3.74795099942483,0.565659915657353,"brown"
"FBP1",6.8538912964886,4.27976618265843,2.57412511383017,1.70564106882827,"brown"
"LINC00113/C21ORF23",7.34268450960667,4.2216263486558,3.12105816095087,1.10056818770493,"brown"
"LRRC3",10.4594152735325,4.20417474002299,6.25524053350947,-2.05106579348648,"brown"
"AIFM1/PCD8",4.38798248541833,3.92800430339918,0.459978182019158,3.46802612138002,"brown"
"MBD3",4.22512554608287,3.86164200447928,0.363483541603588,3.4981584628757,"brown"
"TSC2",6.24692576799599,3.5977879366079,2.64913783138808,0.948650105219819,"brown"
"CHRNB1",7.07560179891516,3.58433096123112,3.49127083768405,0.0930601235470672,"brown"
"CLDN14",4.11521853796326,3.5101775884774,0.605040949485861,2.90513663899154,"brown"
"TMEM50B/C21ORF4",3.62929121119124,3.22975754501185,0.399533666179387,2.83022387883246,"brown"
"MAPT5",3.10304529445919,2.94853624940492,0.154509045054275,2.79402720435065,"brown"
"ADCY2",3.09713738825508,2.81723358692467,0.27990380133041,2.53732978559426,"brown"
"MORC3/ZCWCC3",3.24243542901232,2.74688438428477,0.495551044727548,2.25133333955723,"brown"
"TH",6.53831409728985,2.51079502181993,4.02751907546992,-1.51672405364998,"brown"
"TARDBP",2.52903435031201,2.39216485650556,0.136869493806449,2.25529536269911,"brown"
"IL1B",5.67729435046794,2.33316027694627,3.34413407352166,-1.01097379657539,"brown"
"RAP1B",2.95428604064454,2.18494218912193,0.769343851522615,1.41559833759931,"brown"
"SLC5A3",2.58424887666459,2.05823384012035,0.526015036544237,1.53221880357611,"brown"
"IAPP",3.06182838745356,1.88062212029784,1.18120626715572,0.699415853142117,"brown"
"KRAS/RAS",2.57416808891122,1.83638801112086,0.737780077790355,1.09860793333051,"brown"
"KCNA3",4.10268599627383,1.82522215329184,2.27746384298199,-0.452241689690149,"brown"
"APP/ABPP",1.95829889856992,1.79712440389664,0.161174494673279,1.63594990922336,"brown"
"NTRK3",2.02191792878754,1.73935747675408,0.282560452033461,1.45679702472062,"brown"
"CLCN4",3.54430458569432,1.62947303574166,1.91483154995266,-0.285358514210995,"brown"
"FOSL2/FOSLR",2.70645145267229,1.58638060116914,1.12007085150315,0.466309749665986,"brown"
"CACNA1A",1.60363730408201,1.4259925699195,0.177644734162505,1.24834783575699,"brown"
"PPT2",3.09821093512745,1.41383875977719,1.68437217535026,-0.270533415573069,"brown"
"APOE",2.84418983167689,1.34032546190902,1.50386436976787,-0.16353890785885,"brown"
"PRNP",1.34240284990148,1.28025293708972,0.0621499128117571,1.21810302427796,"brown"
"SON",1.79541568173239,1.2477082021867,0.547707479545691,0.700000722641007,"brown"
"TOMM40",1.46242669665592,1.1680363081646,0.294390388491315,0.873645919673288,"brown"
"ATG3",1.99280550508732,0.998606812885212,0.994198692202112,0.00440812068310015,"brown"
"AGER",1.34293894835521,0.862756010389296,0.480182937965915,0.382573072423381,"brown"
"KCNA2",0.792641475671652,0.718605272023956,0.0740362036476958,0.644569068376261,"brown"
"ATG4B",0.725850860974471,0.442242934741184,0.283607926233287,0.158635008507897,"brown"
"CLCN2",0.375469040705241,0.334554166912408,0.0409148737928324,0.293639293119576,"brown"
"SLC1A3/EAAT1",0.677696004996796,0.29064986041159,0.387046144585206,-0.0963962841736159,"brown"
"HDLBP",1.14699932277254,0.281594832517986,0.865404490254556,-0.58380965773657,"brown"
"CtBP",1.81002099466081,1.2408802418096,0.569140752851216,0.671739488958382,"cyan"
"HIF1A",1.68471071047647,1.20918502162848,0.475525688847983,0.733659332780499,"cyan"
"CDKN1b",1.40941206388423,1.18418419132663,0.225227872557602,0.958956318769029,"cyan"
"CDKN1a",1.39335967750368,1.17361567904918,0.219743998454502,0.953871680594679,"cyan"
"CYP17A1/CYP17",1.46494004218129,1.1719160614219,0.29302398075939,0.878892080662508,"cyan"
"CDKN2a",1.87351125177208,1.14864484133089,0.724866410441183,0.423778430889711,"cyan"
"NAMPT",1.49312663149624,1.14449464312638,0.348631988369856,0.795862654756524,"cyan"
"SSBP1",1.30176256490399,0.976554946315603,0.325207618588387,0.651347327727216,"cyan"
"PPARGC1A",1.12566444926021,0.973200009757727,0.152464439502484,0.820735570255243,"cyan"
"SLIT1",1.0929814859932,0.916807481277669,0.176174004715526,0.740633476562143,"cyan"
"NRF2/NFE2L2",1.96237505224112,0.712793247390384,1.24958180485074,-0.536788557460356,"cyan"
"SUV39H1",0.967835857575341,0.677219981453631,0.29061587612171,0.386604105331921,"cyan"
"SESN2",0.641063233730338,0.532104252830454,0.108958980899884,0.423145271930571,"cyan"
"DDX10",0.464330691887648,0.345284521866784,0.119046170020864,0.226238351845921,"cyan"
"GLRX",0.682979465114315,0.286046556791103,0.396932908323212,-0.110886351532108,"cyan"
"UCP1",0.309439207160359,0.234865693386795,0.0745735137735644,0.16029217961323,"cyan"
"WRB",7.72477833231271,6.2913241780398,1.43345415427291,4.85787002376689,"green"
"ZBTB21/ZNF295",9.88635951594341,6.26253898969434,3.62382052624907,2.63871846344528,"green"
"EEA1",7.9744080811607,6.00439558855283,1.97001249260787,4.03438309594497,"green"
"GABRB3",6.64796034085889,5.9088068214262,0.739153519432691,5.16965330199351,"green"
"BECN1/BECN",9.51934589642564,5.88215506066003,3.63719083576561,2.24496422489443,"green"
"IFNAR1",7.35420525351384,5.64977513157822,1.70443012193561,3.94534500964261,"green"
"GNAS/GNAS1",6.05262371702873,5.53597570251087,0.516648014517862,5.019327687993,"green"
"PKNOX1",6.25820458360584,5.50937562592666,0.748828957679181,4.76054666824748,"green"
"GRIN2D",7.44728107870814,5.33732208116008,2.10995899754806,3.22736308361201,"green"
"KDELC1/KDEL1",6.72546661076103,5.04194101045383,1.6835256003072,3.35841541014663,"green"
"TMPRSS2",6.37421491229142,4.82527008165308,1.54894483063834,3.27632525101474,"green"
"GABRD",5.26006512056878,4.62592933894338,0.634135781625407,3.99179355731797,"green"
"TMPRSS3",10.12069854504,4.62082184606977,5.49987669897026,-0.87905485290049,"green"
"HTR7",5.1412248306046,4.61974478287662,0.521480047727974,4.09826473514865,"green"
"DAO",5.74180027242778,4.4647670129282,1.27703325949958,3.18773375342862,"green"
"GNAT1",5.91639553579421,4.34505520769338,1.57134032810083,2.77371487959255,"green"
"ETS2",6.97592475785847,4.26446532764553,2.71145943021294,1.55300589743258,"green"
"GLUD1",4.58557476044329,4.19918771604322,0.386387044400069,3.81280067164315,"green"
"IFNAR2",11.5741914722868,4.07597206158018,7.49821941070666,-3.42224734912648,"green"
"DBH",6.04791492159202,4.03936092930318,2.00855399228885,2.03080693701433,"green"
"CTSZ",6.47512658225037,4.021170333826,2.45395624842437,1.56721408540163,"green"
"RGS4",4.44685814493709,3.90530092263219,0.541557222304896,3.36374370032729,"green"
"RGS6",5.38254216211126,3.72662663794306,1.6559155241682,2.07071111377485,"green"
"GRIN2A",4.13445932026201,3.68223515200858,0.452224168253423,3.23001098375516,"green"
"POFUT2",4.43909967813225,3.62606624213097,0.813033436001282,2.81303280612969,"green"
"GABRG2",6.85824264228431,3.2441287334759,3.61411390880841,-0.369985175332515,"green"
"COMT",3.353296277571,3.09840040834436,0.254895869226642,2.84350453911772,"green"
"GLRA3",4.26664591324492,3.02222790382872,1.2444180094162,1.77780989441252,"green"
"MECP2",3.25774038157572,2.86606223043805,0.391678151137671,2.47438407930038,"green"
"ARMCX2",5.05459079066944,2.82764487749554,2.2269459131739,0.600698964321647,"green"
"GNB1L/GBL",11.551813622154,2.74567693779936,8.80613668435462,-6.06045974655525,"green"
"GRIP1",6.94975947201547,2.70832481109668,4.24143466091879,-1.5331098498221,"green"
"DDC",5.25544231145093,2.61273041562662,2.64271189582431,-0.0299814801976908,"green"
"USP25",3.9576318291437,2.51577460862275,1.44185722052096,1.07391738810179,"green"
"RGS5",2.83626013509569,2.47800040166311,0.358259733432571,2.11974066823054,"green"
"GABARAP",3.05345118036559,2.44498249014364,0.608468690221954,1.83651379992169,"green"
"ATP6V0A1/VPP1",3.72287782368544,2.18055172728594,1.5423260963995,0.638225630886447,"green"
"AIRE",3.46689512103403,2.14328675689212,1.32360836414191,0.819678392750215,"green"
"GABARAPL1",2.70386089920544,1.94026326182936,0.76359763737608,1.17666562445328,"green"
"MAOB",3.44651849590655,1.84962819744343,1.59689029846313,0.252737898980301,"green"
"HTR2C",1.97441709340472,1.84552528023565,0.128891813169062,1.71663346706659,"green"
"CHRNB4",2.12840675856417,1.83530332580518,0.293103432758991,1.54219989304619,"green"
"GRIN2C",5.53480492673152,1.81855176299529,3.71625316373624,-1.89770140074095,"green"
"HTR3A/HTR3",1.98148467428366,1.76700999371828,0.214474680565386,1.55253531315289,"green"
"KCND3",3.27405310334972,1.74515424362659,1.52889885972312,0.216255383903472,"green"
"GABBR1",3.38768894935305,1.59748890452217,1.79020004483088,-0.192711140308706,"green"
"GRIN2B",1.85271519691896,1.46211917411614,0.390596022802816,1.07152315131332,"green"
"RGS2",1.52498639128752,1.4613336947787,0.063652696508814,1.39768099826989,"green"
"RGS3",1.66651312827496,1.25826426622691,0.40824886204805,0.850015404178865,"green"
"MAOA",1.51404280621516,0.910551206291075,0.603491599924083,0.307059606366992,"green"
"C21ORF54",1.26028382384696,0.779165572474961,0.481118251371996,0.298047321102965,"green"
"GRIA1",0.870660183490657,0.616324320810407,0.25433586268025,0.361988458130156,"green"
"GABRB2",0.417697312909507,0.318130780796239,0.0995665321132686,0.21856424868297,"green"
"GRIA2",0.345515161282329,0.221263619110774,0.124251542171555,0.0970120769392184,"green"
"CCNF",0.663043851090352,0.0583995261675219,0.604644324922831,-0.546244798755309,"green"
"RGS1",4.15329695834383,2.47490016166833,1.6783967966755,0.796503364992825,"greenyellow"
"DRD2",3.37497772184332,2.08736479086487,1.28761293097845,0.799751859886421,"greenyellow"
"SLC6A4/SERT",3.4668609615444,1.73214987570347,1.73471108584093,-0.00256121013745059,"greenyellow"
"GRIK1",4.08870762713403,1.71736045318913,2.3713471739449,-0.653986720755772,"greenyellow"
"SLC18A3/VACHT",3.19243446912963,1.63495743768156,1.55747703144807,0.07748040623349,"greenyellow"
"GRM1",5.55220796797156,1.49601440730421,4.05619356066735,-2.56017915336314,"greenyellow"
"BDNF",4.23647494080133,1.46540838685852,2.77106655394281,-1.30565816708429,"greenyellow"
"SLC6A3/DAT",3.75413532489162,1.42813552245742,2.32599980243419,-0.897864279976769,"greenyellow"
"GAD2/GAD65",4.46877596160126,1.27155150339413,3.19722445820713,-1.925672954813,"greenyellow"
"PAM",2.66723367404788,1.22671914237807,1.44051453166981,-0.213795389291734,"greenyellow"
"RGS16",2.41826591256738,1.1299005847484,1.28836532781898,-0.158464743070585,"greenyellow"
"SLC37A1",2.7799214171269,1.0680489032764,1.7118725138505,-0.643823610574099,"greenyellow"
"FMR1",1.66399357720215,0.978445099591636,0.685548477610509,0.292896621981127,"greenyellow"
"SORCS1",3.09340315518715,0.963472679280114,2.12993047590704,-1.16645779662692,"greenyellow"
"FKTN/FCMD",1.85882627331716,0.828062305424291,1.03076396789287,-0.202701662468575,"greenyellow"
"GRIK4",1.46624516992288,0.787617809922555,0.678627360000325,0.10899044992223,"greenyellow"
"RGS9",1.42231729190317,0.696347495626672,0.725969796276502,-0.0296223006498302,"greenyellow"
"GRM4",0.864558483411429,0.469912858108073,0.394645625303356,0.075267232804717,"greenyellow"
"MEMO1P1/C21ORF19",1.46199316954105,0.438139473777848,1.0238536957632,-0.585714221985356,"greenyellow"
"MYO5B",0.671950746060392,0.141791013840878,0.530159732219514,-0.388368718378636,"greenyellow"
"ATG4A",0.66408677203154,0.133523591699122,0.530563180332418,-0.397039588633296,"greenyellow"
"ADAM9",0.377936494399906,NA,NA,NA,"grey"
"HTT/HD",0.172392008765411,NA,NA,NA,"grey"
"FADD",0.830960176250162,NA,NA,NA,"grey"
"UTRN",0.187634550372946,NA,NA,NA,"grey"
"PCNT",0.137343175833434,NA,NA,NA,"grey"
"RBM11",0.872644099374581,NA,NA,NA,"grey"
"GRIK2",0.945699659022528,NA,NA,NA,"grey"
"IGF1",0.580866496099474,NA,NA,NA,"grey"
"GDNF",0.675939027232618,NA,NA,NA,"grey"
"ADCY4",0.165906575275543,NA,NA,NA,"grey"
"CRH",0.0885431845303388,NA,NA,NA,"grey"
"GAL",0.132727628746456,NA,NA,NA,"grey"
"CDK2",0.173519823039897,NA,NA,NA,"grey"
"CDK5R1",0.116160532884641,NA,NA,NA,"grey"
"PPP2CA",0.172427569896459,NA,NA,NA,"grey"
"CAPN1",0.176030598072919,NA,NA,NA,"grey"
"GPX1",0.153493392780538,NA,NA,NA,"grey"
"SYN3",0.0290309706501573,NA,NA,NA,"grey"
"REST",0.0882540103744631,NA,NA,NA,"grey"
"SP1",0.247712032381064,NA,NA,NA,"grey"
"Nmnat2",2.44768063953355,1.7921716191802,0.655509020353352,1.13666259882685,"grey60"
"Gadd45b",1.82297431243068,1.51064468494756,0.312329627483116,1.19831505746445,"grey60"
"PRKAB2",1.94408617173469,1.37373784530111,0.570348326433579,0.803389518867531,"grey60"
"USP1",2.37725111137103,1.29214437234724,1.0851067390238,0.207037633323441,"grey60"
"Foxo4",1.73763056950731,1.20250504119674,0.535125528310575,0.667379512886162,"grey60"
"UCHL3",2.24325110665046,1.19947632406692,1.04377478258354,0.155701541483376,"grey60"
"Rock1",2.04778405187716,1.18894088191674,0.85884316996042,0.330097711956316,"grey60"
"NCOR1",2.44287840818196,1.10829902742769,1.33457938075427,-0.226280353326575,"grey60"
"CST3/CSTC",1.56506124083771,0.784164172536792,0.780897068300917,0.00326710423587517,"grey60"
"AKT",1.48516902122015,0.590764624100055,0.894404397120098,-0.303639773020043,"grey60"
"ECE1",1.07450055179073,0.531342929216857,0.543157622573876,-0.0118146933570196,"grey60"
"PARP1/ADPRT",2.16664552089312,0.492740208231726,1.6739053126614,-1.18116510442967,"grey60"
"AKR1C3",1.93389644919679,1.30428414325668,0.629612305940106,0.674671837316575,"lightcyan"
"ERBB2IP",1.64373225606351,0.950862671345922,0.692869584717584,0.257993086628339,"lightcyan"
"STX1A/STX1",1.90324978514665,0.915058935915608,0.988190849231041,-0.0731319133154327,"lightcyan"
"AP1G1",1.21718296695387,0.89093729027959,0.32624567667428,0.56469161360531,"lightcyan"
"PTPN12",1.52424156241256,0.889623804638697,0.634617757773858,0.255006046864839,"lightcyan"
"PTK2B",1.08833643933609,0.698037134811357,0.390299304524735,0.307737830286622,"lightcyan"
"RIPK4/ANKRD3",0.975583599825237,0.652101610075307,0.32348198974993,0.328619620325377,"lightcyan"
"B3GALT4",0.793749492170919,0.621705463206977,0.172044028963942,0.449661434243035,"lightcyan"
"GAPDH",1.13697668814144,0.556284058478365,0.580692629663072,-0.0244085711847069,"lightcyan"
"SERPINA3/ACT",0.63456173423337,0.456258799613102,0.178302934620267,0.277955864992835,"lightcyan"
"PENK",0.842935109317834,0.444740931980051,0.398194177337784,0.0465467546422673,"lightcyan"
"SOD1",0.559617710308565,0.326982935476962,0.232634774831603,0.0943481606453593,"lightcyan"
"NPY1R",0.509647872841395,0.24069355330038,0.268954319541015,-0.0282607662406356,"lightcyan"
"VAMP1",0.294201255071476,0.161440849438606,0.13276040563287,0.0286804438057362,"lightcyan"
"NTRK2",0.184139673022759,0.0993930160862766,0.0847466569364823,0.0146463591497943,"lightcyan"
"DUSP4",6.11326069623573,5.99770967749824,0.115551018737488,5.88215865876076,"magenta"
"PRKCI",5.28735480386239,5.13141848028335,0.155936323579046,4.9754821567043,"magenta"
"ELAVL1",4.82296369774935,4.75394216044217,0.0690215373071821,4.68492062313499,"magenta"
"ITPKA",4.4468831614043,4.33896115046156,0.107922010942739,4.23103913951882,"magenta"
"PIWIL1",4.28318391145524,4.20193200355945,0.0812519078957887,4.12068009566366,"magenta"
"PRKCA",4.27813707488765,4.1124809295491,0.165656145338542,3.94682478421056,"magenta"
"XRCC6",4.13402741969938,4.04066057103756,0.0933668486618222,3.94729372237574,"magenta"
"FYN",4.25728056621498,4.02219448994865,0.23508607626633,3.78710841368231,"magenta"
"MAPK9",4.15709364067598,3.94058715109416,0.216506489581824,3.72408066151233,"magenta"
"ELAVL4",3.94450153006057,3.79666956014747,0.147831969913097,3.64883759023438,"magenta"
"CAMK2A",3.77255304782835,3.71694690544477,0.0556061423835823,3.66134076306119,"magenta"
"EIF2AK2/PRKR",3.65650240193366,3.60094292261345,0.0555594793202161,3.54538344329323,"magenta"
"RPS6KB1",3.78874032877181,3.58249236400793,0.206247964763876,3.37624439924406,"magenta"
"PRKAG3",3.71264223192626,3.4997956383544,0.212846593571861,3.28694904478254,"magenta"
"MAPK13/SAPK4",3.55135221919214,3.49090859565402,0.0604436235381227,3.4304649721159,"magenta"
"DUSP5",3.57890913273337,3.44829782288109,0.130611309852275,3.31768651302882,"magenta"
"ELAVL2",3.36845644176473,3.31582500897747,0.0526314327872592,3.26319357619021,"magenta"
"SIRT6",3.22724030061257,3.18744506350361,0.0397952371089545,3.14764982639466,"magenta"
"CSTB",3.2242634446095,3.13885640722325,0.0854070373862479,3.053449369837,"magenta"
"SPRY2",3.19167716289363,3.1139485577637,0.077728605129928,3.03621995263377,"magenta"
"HSPA1A/HSP70",3.22167875132033,3.09559231689465,0.126086434425682,2.96950588246897,"magenta"
"PPP3CB",3.16417866177649,3.0838426482727,0.0803360135037909,3.00350663476891,"magenta"
"MAPK8",3.06775547518872,2.83471865657087,0.233036818617848,2.60168183795302,"magenta"
"LIPA",2.9365022480194,2.77614747237809,0.160354775641305,2.61579269673679,"magenta"
"PPP1CA",2.59695612187642,2.53633018762102,0.0606259342553952,2.47570425336563,"magenta"
"CRHR1",2.41292575761715,2.33338386801513,0.0795418896020279,2.2538419784131,"magenta"
"ITPKB",2.27738428949105,2.23831572520058,0.0390685642904738,2.19924716091011,"magenta"
"ABCG1",2.20020981841474,2.10435994586755,0.0958498725471908,2.00851007332036,"magenta"
"EPHA2",2.4010589392281,2.00948201014127,0.391576929086831,1.61790508105443,"magenta"
"HMGCS1",2.16856310016446,1.99165174331823,0.176911356846237,1.81474038647199,"magenta"
"AKAP1",2.01008286383087,1.98612601830853,0.0239568455223429,1.96216917278618,"magenta"
"DYRK1A",1.78041521528493,1.68814908513657,0.0922661301483529,1.59588295498822,"magenta"
"HSPA5/BIP",1.81170410693699,1.67658424013309,0.135119866803901,1.54146437332919,"magenta"
"NR4A2",2.00040190478834,1.66451691863282,0.335884986155514,1.32863193247731,"magenta"
"CYP11B2",1.57515574908108,1.54815826565945,0.026997483421626,1.52116078223783,"magenta"
"Hcrtr1.&.Hcrtr2",1.31962229154169,1.294768765421,0.0248535261206899,1.26991523930031,"magenta"
"HMGCR",1.17578570853708,0.913353780689239,0.262431927847846,0.650921852841392,"magenta"
"CREM",1.33892796605747,0.890647784432246,0.44828018162522,0.442367602807026,"magenta"
"SYNPO",1.03242833524443,0.889199316651065,0.143229018593365,0.7459702980577,"magenta"
"SOD2",0.75031195490156,0.694750121946378,0.0555618329551824,0.639188288991196,"magenta"
"PPP1CC",0.51734121215361,0.357441684946308,0.159899527207302,0.197542157739006,"magenta"
"NR3C1",0.504377730935193,0.233702513989858,0.270675216945335,-0.0369727029554769,"magenta"
"CDK5",0.417702980223043,0.115767658223648,0.301935321999395,-0.186167663775748,"magenta"
"GHSR",3.32186515714352,2.92382927604719,0.398035881096332,2.52579339495086,"midnightblue"
"ATP5D",2.87083120246579,2.52420759651425,0.346623605951537,2.17758399056271,"midnightblue"
"Nmnat1",2.84590991162425,2.22785834808329,0.61805156354096,1.60980678454233,"midnightblue"
"Bcl2l11",2.34308298520964,1.98719988272407,0.355883102485572,1.6313167802385,"midnightblue"
"CYP11A1",2.34964730277851,1.95860066700831,0.3910466357702,1.56755403123811,"midnightblue"
"SESN1",2.03791724380778,1.73173239776865,0.30618484603913,1.42554755172952,"midnightblue"
"LIAS/LIP1",2.08056765833854,1.59335748350001,0.487210174838529,1.10614730866148,"midnightblue"
"Gadd45g",1.56564523313641,1.2026811974352,0.362964035701201,0.839717161734004,"midnightblue"
"GHR",1.60869017801893,1.0696115057253,0.539078672293632,0.530532833431671,"midnightblue"
"USP7",1.38365756793859,1.06669139997422,0.316966167964368,0.749725232009856,"midnightblue"
"Nmnat3",1.27849133561091,1.04998552977374,0.228505805837165,0.821479723936575,"midnightblue"
"HSF1",1.12282770935443,0.799552360547739,0.323275348806693,0.476277011741046,"midnightblue"
"MAN1A1",1.41048458923808,0.457367174182975,0.953117415055103,-0.495750240872127,"midnightblue"
"NCOR2",0.525355131268248,0.190885597616034,0.334469533652214,-0.14358393603618,"midnightblue"
"LEPR",0.346402565384813,0.0541067952190473,0.292295770165766,-0.238188974946718,"midnightblue"
"RGS12",4.41092961799996,4.13428277757795,0.276646840422008,3.85763593715595,"pink"
"GRIK3",4.11151104044947,3.79308728056234,0.318423759887125,3.47466352067522,"pink"
"GRM2",4.09706933171394,3.68948974128134,0.407579590432595,3.28191015084875,"pink"
"GAD1/GAD67",3.97470207455187,3.2303150179967,0.744387056555164,2.48592796144154,"pink"
"SLC6A2/NET",3.67645431661698,3.21935332514912,0.457100991467859,2.76225233368126,"pink"
"RAB10",3.42817896959244,3.14919360455569,0.27898536503675,2.87020823951894,"pink"
"RGS7",3.85014454056326,3.00736821664148,0.842776323921771,2.16459189271971,"pink"
"PFKM",3.45617458198343,2.89782223368812,0.558352348295308,2.33946988539282,"pink"
"DRD3",3.12351405832867,2.87828279431487,0.245231264013802,2.63305153030107,"pink"
"GABRB1",3.05192393940089,2.76897559220072,0.282948347200172,2.48602724500054,"pink"
"JUN/CJUN",3.20613511258218,2.75464421347791,0.451490899104264,2.30315331437365,"pink"
"NOS1",3.00097783052686,2.75141719568337,0.249560634843488,2.50185656083988,"pink"
"GABRG3",3.96822622056717,2.74783791410083,1.22038830646634,1.52744960763448,"pink"
"RGS10",2.84587800239513,2.66635260213737,0.179525400257757,2.48682720187961,"pink"
"RAB7A",2.66056702885549,2.53636872540127,0.124198303454217,2.41217042194705,"pink"
"DNMT3L",2.80651529997309,2.42355436703106,0.382960932942027,2.04059343408903,"pink"
"ATG12",3.79428168075586,2.37477380783983,1.41950787291603,0.955265934923792,"pink"
"GRIN1",2.54297265551858,2.35213394070573,0.190838714812849,2.16129522589288,"pink"
"CCT8",2.52577230671321,2.30231294234509,0.223459364368118,2.07885357797698,"pink"
"RGS13",2.44174982036699,2.2810035268801,0.160746293486889,2.12025723339321,"pink"
"SLC2A1",3.64317791204719,2.26423354213608,1.37894436991111,0.885289172224973,"pink"
"ITPR1",2.84335893827426,2.19616112041028,0.647197817863979,1.5489633025463,"pink"
"SLC6A11/GAT4",2.37499412180078,2.06830098871258,0.306693133088201,1.76160785562438,"pink"
"TRADD",2.7984075555487,1.84956471455506,0.948842840993633,0.900721873561429,"pink"
"GRM5",2.02771835760702,1.82829559663063,0.199422760976388,1.62887283565425,"pink"
"SORL1",2.40117519017641,1.7825648944298,0.618610295746615,1.16395459868318,"pink"
"CLIC6",2.70910977669654,1.62064819333197,1.08846158336457,0.532186609967406,"pink"
"FOSB",1.77959605387546,1.569246262481,0.210349791394456,1.35889647108655,"pink"
"LRP1",1.67073508086444,1.50028567608585,0.170449404778592,1.32983627130726,"pink"
"BTG3",1.66647458322122,1.49614190604314,0.170332677178086,1.32580922886505,"pink"
"CCNB1",1.95921599951985,1.4334379315738,0.52577806794605,0.90765986362775,"pink"
"GABRA1",1.80358194344341,1.40044701664762,0.403134926795794,0.997312089851821,"pink"
"SORCS2",2.22641031908618,1.31644004674624,0.909970272339937,0.406469774406303,"pink"
"ACTG",1.37112600459382,1.25292566611285,0.11820033848096,1.13472532763189,"pink"
"TP53",1.88591683351811,1.14772903956437,0.738187793953737,0.409541245610631,"pink"
"PFKP",1.75791713199401,1.09218435541971,0.665732776574295,0.426451578845418,"pink"
"CHRM2",1.14934457218962,1.05966958773097,0.0896749844586489,0.969994603272326,"pink"
"ARC",1.37607677076752,0.989750766564322,0.386326004203195,0.603424762361128,"pink"
"U2AF1",1.2272058633583,0.964487724840998,0.262718138517302,0.701769586323696,"pink"
"NEFL",1.31883534333681,0.930003423670311,0.388831919666501,0.54117150400381,"pink"
"RAB11A",1.02432564473002,0.863276732305491,0.161048912424527,0.702227819880963,"pink"
"ATG10",0.917867223555244,0.809710404529686,0.108156819025558,0.701553585504127,"pink"
"CLCN5",0.912959251795324,0.687554810877254,0.225404440918071,0.462150369959183,"pink"
"PPT1",0.743710186735793,0.392201961095339,0.351508225640454,0.0406937354548846,"pink"
"MAPT1",0.259326454819631,0.206563805241038,0.0527626495785927,0.153801155662446,"pink"
"JUNB",0.271901007925517,0.191746049888449,0.080154958037068,0.111591091851381,"pink"
"APLP2",0.343215517603084,0.182877502933193,0.160338014669892,0.022539488263301,"pink"
"DBN1",0.454788815833784,0.171578676998457,0.283210138835327,-0.11163146183687,"pink"
"MSR1",4.55017816951688,3.38951622247149,1.16066194704539,2.2288542754261,"purple"
"SLC2A4",3.67734099665322,2.97843201611683,0.698908980536391,2.27952303558044,"purple"
"CRYZL1",3.43065358857498,2.64635774072111,0.784295847853873,1.86206189286723,"purple"
"COL6A2",3.16983445349836,2.30248562463065,0.867348828867709,1.43513679576294,"purple"
"KCNA1",3.03603374160329,2.16075228838477,0.875281453218521,1.28547083516625,"purple"
"HDAC2",2.82201926555055,2.12463058253046,0.697388683020096,1.42724189951036,"purple"
"TFF3",2.67519941289046,2.09705070115221,0.578148711738248,1.51890198941397,"purple"
"CRYAA",3.02955520549537,1.91821255634408,1.11134264915129,0.806869907192787,"purple"
"TGM2",2.0499331353881,1.87231218119577,0.17762095419233,1.69469122700344,"purple"
"SLC2A3",2.68379697190074,1.77376630486986,0.910030667030881,0.863735637838983,"purple"
"TBR1",2.25722598314622,1.75914305492835,0.498082928217868,1.26106012671049,"purple"
"ATG7",1.91320517389361,1.39139014594502,0.521815027948592,0.869575117996423,"purple"
"BAD",1.81858371062319,1.2442504889704,0.574333221652789,0.669917267317615,"purple"
"CXADR",1.5340571147898,1.21681449520773,0.317242619582071,0.899571875625655,"purple"
"GNA11/GNAL11",1.54386912520946,1.21463009551369,0.329239029695771,0.885391065817915,"purple"
"NCSTN",1.3144583088473,1.08706149870415,0.227396810143153,0.859664688560994,"purple"
"MAP1LC3A",1.16577615044952,1.06474900611698,0.101027144332537,0.963721861784447,"purple"
"MBP",1.56934545292277,1.01813266408886,0.551212788833908,0.466919875254952,"purple"
"CHAT",1.20140307358356,0.973107014277471,0.228296059306091,0.74481095497138,"purple"
"ATG5",1.05499143160333,0.944730909993797,0.110260521609531,0.834470388384266,"purple"
"DSCR3",1.02156736770109,0.917451116802347,0.104116250898742,0.813334865903605,"purple"
"TSC1",1.06778681725658,0.875766509618087,0.192020307638494,0.683746201979593,"purple"
"LAMB2",0.870180377784492,0.754763597788515,0.115416779995978,0.639346817792537,"purple"
"BAK1",0.827744637124064,0.660336533745133,0.167408103378931,0.492928430366201,"purple"
"MAP2",1.2465140592792,0.650572963531951,0.59594109574725,0.0546318677847006,"purple"
"SLC19A1",0.660263616436765,0.535698110184076,0.124565506252689,0.411132603931387,"purple"
"CYYR1",0.547309590716045,0.510523174882088,0.0367864158339564,0.473736759048132,"purple"
"DOPEY2/C21ORF5",0.423279018950469,0.352905110888187,0.070373908062282,0.282531202825905,"purple"
"CHRNB3",0.24377005211632,0.0844830187365386,0.159287033379781,-0.0748040146432423,"purple"
"CSNK2B",3.83297108358031,3.43921614037366,0.393754943206656,3.045461197167,"red"
"MARCKS",3.67348082150498,3.30670397993436,0.366776841570617,2.93992713836375,"red"
"ADARB1/RED1",3.4072870054141,3.0655140353185,0.341772970095601,2.7237410652229,"red"
"MAPKAPK2/MAPKAPK",3.13165714423099,2.95959934128106,0.172057802949926,2.78754153833113,"red"
"MTOR/FRAP1",3.27153974726409,2.95727707968067,0.314262667583412,2.64301441209726,"red"
"EGR2",3.22480369606422,2.81331978046309,0.411483915601132,2.40183586486196,"red"
"CSNK2A2",2.93813789544597,2.74471006438469,0.193427831061282,2.55128223332341,"red"
"PRKAA1",2.98102877843855,2.65520199624744,0.325826782191107,2.32937521405634,"red"
"PTEN",3.05210299747442,2.38892432120895,0.663178676265475,1.72574564494348,"red"
"DHX9/RHA",2.67261931808986,2.32417207499417,0.348447243095682,1.97572483189849,"red"
"STARD3",2.73070964476836,2.30716801138658,0.423541633381779,1.88362637800481,"red"
"DUSP1/MKP-1",2.86030521292426,2.28740007496478,0.57290513795948,1.7144949370053,"red"
"HSPA9",2.42633005188708,2.20334560609786,0.222984445789221,1.98036116030863,"red"
"PPM1G/PPP2CG",2.81702528083063,2.16634774003471,0.650677540795924,1.51567019923878,"red"
"NCOA3",2.55844941612582,2.13825972582562,0.420189690300204,1.71807003552541,"red"
"DNAJA3",2.3218130269884,2.0978838875892,0.223929139399195,1.87395474819001,"red"
"GSK3B",2.18856340529749,2.09158851010961,0.0969748951878779,1.99461361492173,"red"
"HSPE1",2.27939985651253,2.03065867854256,0.24874117796997,1.78191750057259,"red"
"NURR77/NR4A1",2.01467763840333,1.74580955959165,0.268868078811685,1.47694148077996,"red"
"PINK1",2.62847639831733,1.68877764993887,0.939698748378465,0.749078901560402,"red"
"RAC1",2.30463850927722,1.65085484403971,0.653783665237512,0.997071178802195,"red"
"SUV39H2",1.91471218212068,1.62830304581909,0.286409136301587,1.34189390951751,"red"
"PPP3CC",1.7164985962317,1.52984260203388,0.186655994197818,1.34318660783606,"red"
"TAF10/TBPAF",1.55406997107351,1.4295469005916,0.124523070481905,1.3050238301097,"red"
"PDYN",1.44341281336694,1.35585831792964,0.0875544954373062,1.26830382249233,"red"
"HSPD1/HSP60",1.60586917107214,1.32170010436511,0.284169066707032,1.03753103765807,"red"
"TFE3",1.50592225242535,1.3203329859863,0.185589266439043,1.13474371954726,"red"
"CAPNS1",1.46377605647854,1.31353582142006,0.150240235058474,1.16329558636159,"red"
"PPP2R1B",1.41781885658794,1.28346106308723,0.134357793500715,1.14910326958651,"red"
"ATF4",2.30855129816467,1.13037434231417,1.1781769558505,-0.0478026135363234,"red"
"TIMP1",1.80492236781421,1.12925162714152,0.67567074067268,0.453580886468845,"red"
"FAAH",1.42443610385117,1.12683021842547,0.2976058854257,0.829224332999772,"red"
"LEP",1.67452276953804,1.06227331470591,0.612249454832128,0.450023859873783,"red"
"PRKCB/PRKCB1",1.29029607248688,0.948158017375888,0.342138055110991,0.606019962264897,"red"
"DNAJC5",1.63753309766943,0.905715290713981,0.731817806955448,0.173897483758533,"red"
"NCOA1",1.0520376007224,0.800536906564718,0.251500694157683,0.549036212407035,"red"
"CSNK2A1",0.867116145880978,0.795395848468481,0.0717202974124969,0.723675551055984,"red"
"PPP2R5C",1.05977792607086,0.75886684669819,0.300911079372665,0.457955767325525,"red"
"NR5A1/SF1",1.01260719089107,0.666603617573657,0.346003573317411,0.320600044256246,"red"
"PPARG",1.08479225012466,0.649216350682295,0.435575899442368,0.213640451239927,"red"
"NPEPPS/PSA",0.722856053176158,0.589058723537985,0.133797329638173,0.455261393899812,"red"
"CIT",0.572730532609808,0.511110524371817,0.0616200082379916,0.449490516133825,"red"
"SNCG",0.641991343923784,0.481028366999191,0.160962976924593,0.320065390074598,"red"
"POLR2C",0.748473768297605,0.480981067074688,0.267492701222917,0.213488365851771,"red"
"GPLD1",0.520084746386533,0.470370104510545,0.0497146418759877,0.420655462634557,"red"
"FRK",0.497244264061906,0.385083566280537,0.112160697781369,0.272922868499168,"red"
"CNR2",0.51165743716511,0.376210507514066,0.135446929651044,0.240763577863021,"red"
"PRKCE",0.805192992916095,0.366515126001948,0.438677866914147,-0.0721627409121988,"red"
"DDX17",0.478054659785196,0.204407134482219,0.273647525302976,-0.0692403908207568,"red"
"CAPN2",0.287442583707661,0.17872444661064,0.10871813709702,0.0700063095136201,"red"
"APH1B",0.790563309532451,0.101827818530508,0.688735491001943,-0.586907672471434,"red"
"N6AMT1/C21ORF127",5.24859110485806,4.1786942680767,1.06989683678136,3.10879743129534,"salmon"
"C21ORF62",4.79982891903347,3.48269762737435,1.31713129165912,2.16556633571523,"salmon"
"CCND1",4.03057614361809,3.46812265914335,0.562453484474738,2.90566917466861,"salmon"
"IFNGR2",5.57129941397435,2.68118120619244,2.89011820778192,-0.20893700158948,"salmon"
"B2M",3.26871762630923,2.56572372046483,0.702993905844397,1.86272981462043,"salmon"
"TPTE",3.67689250695925,2.48426985331339,1.19262265364586,1.29164719966753,"salmon"
"APPBP1",3.40261157346537,2.44413388177926,0.958477691686111,1.48565619009315,"salmon"
"TRAPPC10/TMEM1",4.05095910554279,2.32975439556657,1.72120470997621,0.608549685590357,"salmon"
"MX2",2.65024192050544,2.32490525379392,0.325336666711515,1.99956858708241,"salmon"
"AQP1",2.56307886214816,2.22520245074854,0.337876411399623,1.88732603934892,"salmon"
"SNRNP70",3.17998941571081,1.99235387850191,1.18763553720891,0.804718341292999,"salmon"
"ERG",2.37658092159541,1.79132772065974,0.585253200935668,1.20607451972407,"salmon"
"BACE2",3.06769494141169,1.6495850694296,1.41810987198209,0.231475197447508,"salmon"
"GNAT2",2.79503054767293,1.56937733974697,1.22565320792597,0.343724131820999,"salmon"
"CSNK1A1",3.20611037916586,1.51961941416395,1.6864909650019,-0.166871550837947,"salmon"
"KCNIP1/KCNIP",2.85480433124721,1.49197982887009,1.36282450237712,0.129155326492969,"salmon"
"GNAZ",3.06319915610063,1.38252827575023,1.6806708803504,-0.29814260460017,"salmon"
"GNG2",0.67004213749471,0.106140716996207,0.563901420498504,-0.457760703502297,"salmon"
"STX7",2.2559801102803,1.57094055818149,0.685039552098804,0.88590100608269,"tan"
"TFEB",1.75276983342081,1.45566990759236,0.297099925828446,1.15856998176392,"tan"
"MAPK1/ERK2",2.27856295021536,1.37724642146205,0.90131652875331,0.475929892708737,"tan"
"PRKAB1",1.67954432548261,1.25241943125271,0.427124894229898,0.825294537022814,"tan"
"BSN",1.67690215164991,1.18015858701836,0.496743564631555,0.6834150223868,"tan"
"ATF5",1.85177396806595,1.17146240919412,0.68031155887183,0.491150850322287,"tan"
"RBM3",2.02263032816128,1.16215382286397,0.860476505297311,0.301677317566658,"tan"
"PRKAA2",1.57899541347277,1.11442323121446,0.46457218225831,0.649851048956148,"tan"
"STARD3NL",2.11991929158408,1.10968800361541,1.01023128796867,0.0994567156467361,"tan"
"TREM2",1.14936915954784,0.999833859393162,0.149535300154679,0.850298559238483,"tan"
"DYRK3",1.64063973748278,0.983067493138427,0.65757224434435,0.325495248794077,"tan"
"NEU1",1.91453107367865,0.94784493722768,0.96668613645097,-0.01884119922329,"tan"
"SAP47",1.21659984259946,0.935356006016073,0.281243836583384,0.65411216943269,"tan"
"RHEB/RHEB2",1.24135174514569,0.901670040185878,0.339681704959809,0.561988335226069,"tan"
"MAPK12/SAPK3",1.16631890961902,0.866454976717249,0.299863932901774,0.566591043815475,"tan"
"ERCC1",1.0299715812557,0.592093286759554,0.43787829449615,0.154214992263404,"tan"
"SYN1",0.876287929483413,0.554173792230464,0.322114137252949,0.232059654977516,"tan"
"NSF",0.97119419131116,0.504847201968456,0.466346989342704,0.0385002126257528,"tan"
"STX5A",1.07535557115258,0.264526162643989,0.810829408508591,-0.546303245864602,"tan"
"B3GALT5",25.9166523199625,20.0801479701827,5.83650434977983,14.2436436204029,"turquoise"
"ATP5O",25.0896569360169,20.0017641699472,5.08789276606976,14.9138714038774,"turquoise"
"BACH1",30.0656096843024,19.0978967529673,10.9677129313351,8.13018382163214,"turquoise"
"VDAC1",24.1325072613947,19.0504311531004,5.08207610829436,13.968355044806,"turquoise"
"CASP3",26.1831987843405,18.1931155369101,7.99008324743041,10.2030322894797,"turquoise"
"ACTB",31.1364819051588,18.1213195319247,13.0151623732342,5.10615715869046,"turquoise"
"CASP4",29.1221693944007,18.0638205984916,11.0583487959091,7.00547180258252,"turquoise"
"CASP5",30.4615737823202,17.6830081716172,12.778565610703,4.90444256091415,"turquoise"
"ACAN",26.1077413040435,17.6394606885676,8.46828061547588,9.17118007309171,"turquoise"
"BACH1-IT3/C21ORF8",32.1060044963523,17.6063462261297,14.4996582702226,3.10668795590713,"turquoise"
"CASP2",21.826905298777,17.542790405091,4.28411489368601,13.258675511405,"turquoise"
"VDAC2",22.6844305283147,17.1771546913937,5.50727583692099,11.6698788544727,"turquoise"
"GART",27.0358758286007,17.0273625682085,10.0085132603923,7.0188493078162,"turquoise"
"BPTF/FALZ",21.298859939213,16.2829822871931,5.01587765201986,11.2671046351732,"turquoise"
"GABPA",17.8487276060856,16.1468523072896,1.70187529879598,14.4449770084936,"turquoise"
"CASP6",32.5698546412503,16.0400389646065,16.5298156766439,-0.489776712037376,"turquoise"
"C21ORF79",17.5818843447169,15.845950908954,1.73593343576286,14.1100174731912,"turquoise"
"OLIG1",17.1265033819171,15.4767576999641,1.64974568195306,13.827012018011,"turquoise"
"CASP10",18.5541215099876,15.141718733418,3.41240277656959,11.7293159568484,"turquoise"
"ANKRD20A1/DKFZP434A171",27.7851804280404,14.9398094408893,12.8453709871511,2.09443845373817,"turquoise"
"DAXX",17.0934206297166,14.5030774223523,2.59034320736425,11.9127342149881,"turquoise"
"CASP1",16.1606766517354,14.3305903189866,1.8300863327488,12.5005039862378,"turquoise"
"ANKRD30BP1/C21ORF110",16.2032965729921,14.241694671827,1.96160190116504,12.280092770662,"turquoise"
"PVALB",16.3877006308421,14.2137162593568,2.17398437148533,12.0397318878714,"turquoise"
"CANX",15.8739289045908,13.767321632526,2.10660727206483,11.6607143604612,"turquoise"
"GRIK1-AS1/C21ORF9",16.0626638128095,13.451248848969,2.61141496384051,10.8398338851285,"turquoise"
"HUNK",22.1052603315206,13.396923421096,8.70833691042461,4.68858651067135,"turquoise"
"APLP1",27.8594422134536,13.3548814171773,14.5045607962762,-1.14967937909887,"turquoise"
"PRMT2",15.8430488762594,13.2946251357651,2.54842374049423,10.7462013952709,"turquoise"
"C21ORF49",21.5153067743371,13.2763884591516,8.2389183151855,5.03747014396605,"turquoise"
"CLTC",15.9868663706189,12.973119935917,3.01374643470188,9.95937350121512,"turquoise"
"ITGB2",14.1977356618864,12.946313249778,1.25142241210845,11.6948908376695,"turquoise"
"APBA1",18.2351852626755,12.853253880608,5.38193138206755,7.47132249854041,"turquoise"
"IL10RB",14.5789496700362,12.6582241075043,1.92072556253188,10.7374985449724,"turquoise"
"BRWD1/C21ORF107",16.6241220311115,12.6501868320231,3.9739351990884,8.67625163293468,"turquoise"
"NFKB1/NFKB",28.1654074261786,12.6020715666073,15.5633358595714,-2.96126429296407,"turquoise"
"IGSF5",14.3620381987527,12.3442493185573,2.01778888019537,10.3264604383619,"turquoise"
"TRPM2",13.8642913496605,12.3350215278032,1.52926982185737,10.8057517059458,"turquoise"
"CASP8",21.2901695188291,12.2485702798305,9.0415992389986,3.20697104083185,"turquoise"
"PAXBP1/C21ORF66",13.5729025985866,12.1463278584105,1.42657474017614,10.7197531182343,"turquoise"
"C21ORF63",13.3513378427352,12.0532709978542,1.29806684488104,10.7552041529731,"turquoise"
"APCS",20.2536834322678,11.6517549718782,8.60192846038962,3.04982651148857,"turquoise"
"CAV2",13.2076605209784,11.6363038726817,1.57135664829675,10.0649472243849,"turquoise"
"GRIK5",24.9742403103171,11.6097199635894,13.3645203467277,-1.75480038313834,"turquoise"
"CBS",13.9432854521502,11.0930301398617,2.85025531228855,8.24277482757312,"turquoise"
"GABRA5",21.1609301544212,11.0023189579553,10.1586111964659,0.843707761489316,"turquoise"
"DYNLL1/DNCLC1",12.4814763914229,10.8246367769684,1.65683961445446,9.16779716251395,"turquoise"
"PRDM15",14.0847055864026,10.7969480478674,3.28775753853517,7.50919050933227,"turquoise"
"CARD18/ICEBERG",11.9325076203979,10.7665734581395,1.16593416225838,9.60063929588113,"turquoise"
"ITSN1",12.0420321749246,10.7198954370981,1.32213673782649,9.39775869927161,"turquoise"
"GABRA3",15.2081385560282,10.7177244396801,4.49041411634814,6.22731032333192,"turquoise"
"ATP5J",11.9174595337403,10.6184004114424,1.29905912229794,9.31934128914442,"turquoise"
"FAS/FASLR",12.029999119412,10.572413535449,1.45758558396296,9.11482795148608,"turquoise"
"C21ORF91",11.5336754208322,10.4919024949294,1.04177292590282,9.45012956902656,"turquoise"
"NPC2",17.2690579385042,10.4743210140031,6.79473692450116,3.6795840895019,"turquoise"
"PDE9A",13.9774279523477,10.4701711936327,3.50725675871497,6.96291443491773,"turquoise"
"UMODL1",14.3880122721513,10.4117601666369,3.97625210551438,6.43550806112256,"turquoise"
"DYNC1H1/DNCH1",11.5787276033162,10.360254846152,1.2184727571642,9.14178208898779,"turquoise"
"FAM3B",12.3568158672258,10.1851199185685,2.17169594865721,8.01342396991133,"turquoise"
"FLNA",15.8243501613429,10.0143526982684,5.80999746307447,4.20435523519394,"turquoise"
"CASP7",17.3633711248319,9.99052683915945,7.37284428567246,2.61768255348698,"turquoise"
"BACE1",11.0140796702266,9.87162511424983,1.14245455597672,8.72917055827312,"turquoise"
"FTCD",12.7545565768387,9.8566895966897,2.89786698014895,6.95882261654074,"turquoise"
"DRD4",18.5625622960845,9.76065415494721,8.80190814113729,0.958746013809925,"turquoise"
"A2M",10.4705398841372,9.48538358026345,0.985156303873792,8.50022727638966,"turquoise"
"PSMG1/DSCR2",10.4284783846677,9.37549081895799,1.05298756570968,8.32250325324831,"turquoise"
"KCND2",10.2520669360151,9.23808202132899,1.01398491468607,8.22409710664292,"turquoise"
"NDUFV3",11.7233818818438,9.12919923834553,2.59418264349829,6.53501659484724,"turquoise"
"CHAF1B",11.5182571319931,9.05231673684261,2.46594039515046,6.58637634169215,"turquoise"
"GADD45A/GADD45",14.3651622138794,8.8695460133658,5.49561620051362,3.37392981285217,"turquoise"
"UBE2G2",10.1196794924345,8.78206092635445,1.33761856608008,7.44444236027438,"turquoise"
"DCX",10.1560652695665,8.49021824574025,1.66584702382627,6.82437122191398,"turquoise"
"HLCS",9.86929944605356,8.3916608868568,1.47763855919676,6.91402232766005,"turquoise"
"GABRA2",10.803796481307,8.25973025645421,2.54406622485284,5.71566403160137,"turquoise"
"OLIG2",9.14353568586373,8.24528759341287,0.898248092450862,7.34703950096201,"turquoise"
"GABRA4",12.066073087691,8.14828333336652,3.91778975432449,4.23049357904203,"turquoise"
"CALR3",10.7997568681589,7.9699153404077,2.82984152775117,5.14007381265654,"turquoise"
"HTR1B",18.033787529374,7.82388641945051,10.2099011099235,-2.38601469047303,"turquoise"
"PTTG1IP",8.71443218189465,7.82176782435574,0.89266435753891,6.92910346681683,"turquoise"
"GABRA6",11.297422848857,7.74577986600987,3.55164298284711,4.19413688316276,"turquoise"
"ADAM17",8.86902688904685,7.74418145795826,1.12484543108859,6.61933602686967,"turquoise"
"JAM2",8.69492171489372,7.72325198209538,0.971669732798345,6.75158224929703,"turquoise"
"RIPPLY3/DSCR6",10.3523317840141,7.70353684866864,2.64879493534541,5.05474191332323,"turquoise"
"C21ORF37",9.45104679315178,7.49952326383354,1.95152352931824,5.54799973451531,"turquoise"
"CHODL",12.5373240015218,7.22950152494381,5.30782247657798,1.92167904836583,"turquoise"
"MYO5A",8.40530598784033,7.1924910945533,1.21281489328702,5.97967620126628,"turquoise"
"C21ORF59",9.38827758637825,7.17530306041179,2.21297452596647,4.96232853444532,"turquoise"
"DAB1",9.14624359402015,7.12292374951242,2.02331984450773,5.09960390500469,"turquoise"
"GRIP2",11.0819234181301,6.95078935929481,4.1311340588353,2.81965530045951,"turquoise"
"C2CD2/C21ORF25",7.11789313056144,6.83222653221499,0.285666598346451,6.54655993386854,"turquoise"
"HMGN1",8.48446739424976,6.79730887234522,1.68715852190455,5.11015035044067,"turquoise"
"TTC3",7.35942391720769,6.4936820135324,0.865741903675289,5.62794010985712,"turquoise"
"PWP2",7.1319984289542,6.34287000886649,0.789128420087704,5.55374158877879,"turquoise"
"DYNC2H1/DNCH2",6.91947530169023,6.23426149264246,0.685213809047776,5.54904768359468,"turquoise"
"EPYC/DSPG3",6.80319106900103,5.99474838018449,0.808442688816541,5.18630569136795,"turquoise"
"ASTN2",9.01117124450812,5.97655746461983,3.03461377988829,2.94194368473155,"turquoise"
"NRIP1",9.09661216139026,5.89525964130266,3.2013525200876,2.69390712121506,"turquoise"
"AGPAT3",6.95131736640186,5.88818904064396,1.0631283257579,4.82506071488605,"turquoise"
"CTSC",6.4512112881285,5.70788155478934,0.743329733339163,4.96455182145018,"turquoise"
"PDXK",10.5006210806095,5.67699995479818,4.82362112581135,0.853378828986838,"turquoise"
"LAMP1",8.75939969945282,5.6681448880246,3.09125481142822,2.57689007659638,"turquoise"
"ICOSLG",7.6656927382219,5.48316623402428,2.18252650419763,3.30063972982665,"turquoise"
"DRD5",10.0491872772494,5.32963761779595,4.71954965945345,0.610087958342497,"turquoise"
"PIGP/DSCR5",7.27160694037134,5.32043007805663,1.95117686231471,3.36925321574192,"turquoise"
"DISC1",6.24850771949498,5.28507497887819,0.96343274061679,4.3216422382614,"turquoise"
"AFP",8.49292193085135,5.18564046263636,3.30728146821499,1.87835899442137,"turquoise"
"PEX5",7.17587170045675,5.17972855102914,1.99614314942761,3.18358540160153,"turquoise"
"CTSE",5.68794030955718,5.12085531072216,0.567084998835016,4.55377031188715,"turquoise"
"GRIA4",6.12983529654765,5.03437915426536,1.09545614228229,3.93892301198307,"turquoise"
"CTSG",6.44552718240364,5.02783279529002,1.41769438711363,3.61013840817639,"turquoise"
"DLX1",5.71225955040269,4.90087275064533,0.811386799757359,4.08948595088798,"turquoise"
"AP1S1",5.95108835551526,4.8380128986273,1.11307545688796,3.72493744173934,"turquoise"
"GRM3",8.4091449042498,4.51578979572539,3.89335510852441,0.622434687200981,"turquoise"
"CAV1",5.71187437863887,4.51414397028466,1.19773040835421,3.31641356193045,"turquoise"
"APH1A",6.79345247152517,4.50708572968705,2.28636674183813,2.22071898784892,"turquoise"
"CASP9",6.07679813172005,4.35951919219199,1.71727893952806,2.64224025266393,"turquoise"
"SLC6A1/GAT1",6.89693071632335,4.31647928333511,2.58045143298824,1.73602785034687,"turquoise"
"C21ORF77",4.77998639276614,4.20701451654588,0.572971876220254,3.63404264032563,"turquoise"
"CCND2",5.43234601783622,3.95089459106639,1.48145142676983,2.46944316429657,"turquoise"
"CAV3",5.18324712593229,3.91044177624272,1.27280534968957,2.63763642655316,"turquoise"
"CCNE1",4.47554372342062,3.3328978684225,1.14264585499811,2.19025201342439,"turquoise"
"GRIK1-AS2/C21ORF41",3.8102450129563,3.2361744600141,0.574070552942198,2.6621039070719,"turquoise"
"M6PR/CDMPR",3.92594876397225,3.02656430603043,0.899384457941816,2.12717984808862,"turquoise"
"EMX2",3.7511531095614,2.89634650605312,0.854806603508286,2.04153990254483,"turquoise"
"CDH2",3.0207763578409,2.87765358704772,0.143122770793179,2.73453081625454,"turquoise"
"URB1/C21ORF108",3.75730638520363,2.72123709582647,1.03606928937715,1.68516780644932,"turquoise"
"KCNJ15",3.7669346333224,2.65686871022394,1.11006592309846,1.54680278712547,"turquoise"
"KCNIP3",3.38354403450877,2.37270882620752,1.01083520830125,1.36187361790626,"turquoise"
"PCP4",3.62671893741856,1.92196523640172,1.70475370101685,0.217211535384868,"turquoise"
"SLC6A13/GAT3",2.33666615300606,1.68144050491516,0.655225648090897,1.02621485682426,"turquoise"
"DIP2A",2.30897163271154,1.56231095330225,0.746660679409287,0.815650273892965,"turquoise"
"APBB1",2.28185540175983,1.44846358993782,0.833391811822012,0.615071778115806,"turquoise"
"ADAM10",2.28747306133316,1.32865448970141,0.958818571631755,0.369835918069654,"turquoise"
"GRIA3",1.40815558575382,0.877784326503416,0.530371259250405,0.34741306725301,"turquoise"
"LAMP2",1.09558946193852,0.681959569823892,0.413629892114631,0.268329677709261,"turquoise"
"CTSB",0.788306895786568,0.641167842236529,0.147139053550039,0.49402878868649,"turquoise"
"CTSD",0.973758829842821,0.526095444914707,0.447663384928113,0.0784320599865942,"turquoise"
"CTSH",0.944617972408836,0.50130715574642,0.443310816662416,0.0579963390840037,"turquoise"
"CCNG1",0.541358511492121,0.363039549096557,0.178318962395564,0.184720586700992,"turquoise"
"DIABLO/SMAC",0.995440801664887,0.0893184095210235,0.906122392143863,-0.81680398262284,"turquoise"
"GABRG1",0.283062799341999,0.084459280914293,0.198603518427706,-0.114144237513413,"turquoise"
"DNM1",6.50465503341583,5.2911268315848,1.21352820183104,4.07759862975376,"yellow"
"UBE2E1",6.0703921648965,5.04137662683068,1.02901553806582,4.01236108876487,"yellow"
"DLG4",5.93472097572002,4.92485310435962,1.00986787136041,3.91498523299921,"yellow"
"RELA",8.28384180791103,4.64649065270426,3.63735115520677,1.00913949749748,"yellow"
"GALR1",8.67845979998071,4.5028588324019,4.1756009675788,0.3272578648231,"yellow"
"GALR2",8.70760887080954,4.29158867476656,4.41602019604297,-0.124431521276414,"yellow"
"ESR2",4.55176541991074,4.2480324170444,0.303733002866335,3.94429941417807,"yellow"
"NPTX1",5.32667291500713,4.1613856035962,1.16528731141093,2.99609829218527,"yellow"
"ADRBK1",7.15666220821483,4.11664762215756,3.04001458605727,1.0766330361003,"yellow"
"PRMT1",4.79427259157665,4.08097662195705,0.713295969619606,3.36768065233744,"yellow"
"GSR",4.19493297547772,3.85646120161815,0.338471773859564,3.51798942775859,"yellow"
"CBR1",5.04046378557205,3.83065533599675,1.20980844957529,2.62084688642146,"yellow"
"ACP2",4.18026970655574,3.33157046609466,0.848699240461086,2.48287122563357,"yellow"
"PTGS1",4.00204744284307,3.29341388726737,0.708633555575694,2.58478033169168,"yellow"
"SST",4.09356573723771,3.23803983710198,0.855525900135736,2.38251393696624,"yellow"
"VAPB",3.39592141851952,3.21083904007959,0.185082378439938,3.02575666163965,"yellow"
"CTNNB1",3.37413068922336,3.13189630063639,0.242234388586972,2.88966191204941,"yellow"
"GSTM1",3.17922725598328,2.90236577866985,0.276861477313427,2.62550430135642,"yellow"
"SYT1",3.32917505773645,2.81995982157371,0.509215236162742,2.31074458541097,"yellow"
"STAR",3.56707188699969,2.76732411700545,0.799747769994239,1.96757634701121,"yellow"
"EP300",2.79224313283699,2.57486055438869,0.217382578448299,2.3574779759404,"yellow"
"CAT",2.69579227581821,2.47643782691404,0.219354448904162,2.25708337800988,"yellow"
"NMRK2",2.69867888535372,2.26720961182824,0.43146927352548,1.83574033830276,"yellow"
"CYCS",2.383853884902,2.08463664268326,0.299217242218743,1.78541940046451,"yellow"
"PPP3CA",2.27041935982552,1.90889441082963,0.361524948995894,1.54736946183373,"yellow"
"CREB1/CREB",2.97616198470178,1.86022609064018,1.1159358940616,0.744290196578579,"yellow"
"PTGS2",1.92025446920724,1.6476513224065,0.272603146800747,1.37504817560575,"yellow"
"PSMD4",2.32970638165487,1.62098492984336,0.708721451811514,0.912263478031841,"yellow"
"NAB1",1.76782144730768,1.61637534418146,0.151446103126222,1.46492924105524,"yellow"
"PPP2R3A",1.68217390267402,1.54139310252562,0.140780800148397,1.40061230237723,"yellow"
"GNRH1/GNRH",2.9080350321494,1.52475776958126,1.38327726256814,0.141480507013117,"yellow"
"ECE2",1.67355996189822,1.37991497634204,0.293644985556179,1.08626999078586,"yellow"
"SNCA",1.54512667146178,1.30579928328666,0.239327388175126,1.06647189511153,"yellow"
"NR4A3",1.70060519415543,1.30054199278289,0.400063201372542,0.900478791410349,"yellow"
"MAPK14/MAPK",1.40842981709357,1.25080769777855,0.157622119315016,1.09318557846354,"yellow"
"NRF1",1.51302770882894,1.19816505206613,0.314862656762807,0.883302395303324,"yellow"
"CBR3",1.63625420721323,1.16558086157976,0.470673345633469,0.694907515946293,"yellow"
"NMRK1",1.61122830695035,1.16095516842327,0.45027313852708,0.710682029896195,"yellow"
"GAP43",1.53733367244046,1.10095975128069,0.436373921159769,0.664585830120922,"yellow"
"MAP3K3",1.33029692723768,0.920344660693759,0.409952266543919,0.51039239414984,"yellow"
"ABL1",1.77598123301155,0.880630536946159,0.895350696065387,-0.0147201591192285,"yellow"
"NCOA2",1.89810156848773,0.875805687273649,1.02229588121408,-0.14649019394043,"yellow"
"SNAP25",1.27280023091592,0.873996548262645,0.398803682653276,0.475192865609369,"yellow"
"SRA1",0.944819275747137,0.822203360814352,0.122615914932786,0.699587445881566,"yellow"
"SYP",0.885974397723622,0.792586062007042,0.0933883357165803,0.699197726290461,"yellow"
"GALR3",1.03668676936272,0.787435958654395,0.249250810708329,0.538185147946066,"yellow"
"CAST",1.16607884368815,0.775178168721076,0.390900674967078,0.384277493753998,"yellow"
"SNCB",1.20773219946372,0.700446641890807,0.50728555757291,0.193161084317896,"yellow"
"POMC",0.801993764385146,0.660026483888944,0.141967280496202,0.518059203392742,"yellow"
"HSD17B1",1.14613698545117,0.599876442200789,0.546260543250382,0.0536158989504067,"yellow"
"AFF4/LAF4",1.072073742754,0.557061333357241,0.515012409396764,0.0420489239604764,"yellow"
"HOMER1",0.668241996378999,0.535061292326398,0.1331807040526,0.401880588273798,"yellow"
"NADSYN1",0.851754980196066,0.484244016612625,0.367510963583441,0.116733053029184,"yellow"
"ELAVL3",0.729868598705988,0.475959944201807,0.253908654504181,0.222051289697626,"yellow"
"Foxo3",1.5714800692279,0.339265461410181,1.23221460781772,-0.89294914640754,"yellow"
"TAF1",0.44129713147265,0.31326376119211,0.12803337028054,0.18523039091157,"yellow"
"ITPKC",0.845478878073291,0.290185575035274,0.555293303038016,-0.265107728002742,"yellow"
"NPTXR",0.243592810797463,0.18607120956335,0.0575216012341129,0.128549608329237,"yellow"
"Hcrt",0.224746426298455,0.165202058486496,0.0595443678119585,0.105657690674538,"yellow"
