"","gene_name","Module","kME","kWithin","logFC","adj.P.Val","kWithinRank","kMERank"
"1","A2M","turquoise",0.756212197569024,9.48538358026345,-0.0936408303927611,0.904556856818977,65,101
"2","ADAM10","turquoise",0.53977455051818,1.32865448970141,0.100204814401182,0.945678450261546,133,134
"3","ADAM17","turquoise",0.770587387494791,7.74418145795826,-0.0682197107536031,0.945678450261546,81,93
"4","ADAM9","grey",0.118468042999693,NA,2.84837649225048,7.69645611481821e-07,1,15
"5","APBA1","turquoise",0.843340910179732,12.853253880608,-0.192916656088362,0.755888484570737,33,64
"6","APBB1","turquoise",0.707089400084166,1.44846358993782,-0.0660164427894671,0.947503077527357,132,120
"7","APCS","turquoise",0.825772413965236,11.6517549718782,-0.250902370598552,0.612347411632899,42,73
"8","APH1A","turquoise",0.737490543704095,4.50708572968705,-0.17484009057904,0.821121700168544,115,108
"9","APH1B","red",0.502617445582798,0.101827818530508,3.6931625994942,1.62012978575096e-11,51,49
"10","APLP1","turquoise",0.809038223529464,13.3548814171773,-0.268425599310339,0.518924644909853,28,83
"11","APLP2","pink",0.500304470757971,0.182877502933193,-0.0299362694341649,0.976112336094723,47,47
"12","APP/ABPP","brown",0.619339270737974,1.79712440389664,0.357357398286487,0.571669249520283,101,107
"13","MAPT1N6P","brown",0.753378077542761,4.80918361863703,0.150947205846081,0.92045838183307,70,87
"14","MAPT2","brown",0.793301033093886,4.84643250405146,-0.00957514745519549,0.996715007742935,69,76
"15","MAPT2N6D","blue",0.875008632641756,13.0377667022069,-0.123727352068106,0.837268691133651,70,73
"16","MAPT2N6P","blue",0.920043779982351,20.4592246302762,-0.183092939441642,0.755888484570737,40,45
"17","MAPT3","blue",0.945634139837962,26.0910630199909,-0.215245100758032,0.715795587880078,12,16
"18","MAPT4","blue",0.934236655219713,25.4025560094698,-0.209993703456252,0.725395262173181,18,30
"19","MAPT5","brown",0.722054422432871,2.94853624940492,0.509312559375521,0.293832187722825,90,93
"20","MAPT","brown",0.766018178821565,4.31361091508218,0.0477487426119207,0.953523000010282,80,82
"21","NCSTN","purple",0.837874084869506,1.08706149870415,-0.262626779149945,0.92045838183307,16,14
"22","PARK7/DJ1","blue",0.796767205463842,5.1798956841235,-0.119558731605481,0.874985847428694,110,99
"23","PRNP","brown",0.672634799025866,1.28025293708972,0.434872728154966,0.670830121323734,108,103
"24","PSEN1","blue",0.895568922866294,16.4356346127334,-0.377242655902511,0.305277665166396,55,58
"25","CLCN4","brown",0.643994635519713,1.62947303574166,-0.172067166334955,0.821121700168544,103,106
"26","CLCN2","brown",0.491535288588384,0.334554166912408,0.570191577552336,0.348462919604717,115,115
"27","CALB2","brown",0.820123577462101,4.70804691802037,0.0583401314667639,0.953523000010282,72,66
"28","CALB1","blue",0.91222052471419,17.1174158358971,-0.157683580647313,0.821121700168544,54,51
"29","CACNA1C","brown",0.86870570684915,8.31064975124273,-0.00446044985528404,0.996811283917838,17,28
"30","CACNA1B","brown",0.879248893516603,6.88881045867681,0.174496858221027,0.848026464349788,40,26
"31","CACNA1A","brown",0.555626454026561,1.4259925699195,2.55050434251401,0.000166206463943735,105,113
"32","TRADD","pink",0.839037950039762,1.84956471455506,1.28740892667115,0.509580301835223,24,21
"33","TP53","pink",0.680134702433426,1.14772903956437,0.13846983694235,0.888991415857519,35,40
"34","RBL2","brown",0.865850828540152,6.5730012545178,0.0781978658377426,0.930444752058401,50,31
"35","RASSF2","blue",0.890271939847513,15.715725979448,-0.82605566716185,0.000126973305761541,60,64
"36","RAP1B","brown",0.585623194360831,2.18494218912193,2.27154534535949,0.00825181743736875,96,110
"37","CCNB1","pink",0.811292464899367,1.4334379315738,0.218566574560975,0.850078547522195,31,24
"38","CASP9","turquoise",0.725191027931163,4.35951919219199,-0.0455494114266969,0.956059109870934,116,113
"39","CASP8","turquoise",0.845308050993748,12.2485702798305,-0.195420293692575,0.732425579667965,39,60
"40","CASP7","turquoise",0.811578823465427,9.99052683915945,-0.182613144902979,0.765337221117942,61,81
"41","CASP6","turquoise",0.834211440453414,16.0400389646065,-0.276295140528196,0.548788754978351,16,70
"42","CASP5","turquoise",0.848867197739793,17.6830081716172,-0.296179867002985,0.473211425102128,8,58
"43","CASP4","turquoise",0.86739308823602,18.0638205984916,-0.288900270437782,0.496875034886708,7,42
"44","CASP3","turquoise",0.861433911243178,18.1931155369101,-0.255065677536589,0.63089128684223,5,47
"45","CASP2","turquoise",0.852205323692011,17.542790405091,-0.230109381201192,0.686471651328705,11,55
"46","CASP10","turquoise",0.825282500862592,15.141718733418,-0.245361018751156,0.650223171662943,19,75
"47","CASP1","turquoise",0.810681792757722,14.3305903189866,-0.207302145549593,0.750371829791177,22,82
"48","CARD18/ICEBERG","turquoise",0.76246571318942,10.7665734581395,-0.178315916592112,0.80866746883423,49,98
"49","KCND2","turquoise",0.744198451028326,9.23808202132899,-0.162695781989621,0.821121700168544,67,106
"50","KCND3","green",0.711955926108455,1.74515424362659,0.197715921559269,0.837268691133651,45,45
"51","KCNIP1/KCNIP","salmon",0.847861082574771,1.49197982887009,0.158248778779706,0.898492153635991,16,17
"52","PVALB","turquoise",0.849013043251454,14.2137162593568,-0.189133677158248,0.755888484570737,24,57
"53","VDAC1","turquoise",0.874995100734573,19.0504311531004,-0.243913701874077,0.639925715784404,4,37
"54","VDAC2","turquoise",0.8938318066448,17.1771546913937,-0.243667471672633,0.612347411632899,12,21
"55","ACAN","turquoise",0.892898272455989,17.6394606885676,-0.239536304139752,0.638757316615857,9,22
"56","ACTB","turquoise",0.887097517932234,18.1213195319247,-0.233652010350908,0.64296655982739,6,25
"57","ACTG","pink",0.734116933620346,1.25292566611285,0.325419015441077,0.798641484291443,34,35
"58","ANKRD20A1/DKFZP434A171","turquoise",0.866003525247543,14.9398094408893,-0.22188416412869,0.657114693871124,20,43
"59","AP1S1","turquoise",0.718598260949067,4.8380128986273,-0.0187377522742968,0.976112336094723,112,117
"60","AP1S2","blue",0.794207000723262,8.83892036612876,-0.92496455696753,7.64648619637891e-07,94,103
"61","HSPG2","blue",0.809366936539677,6.6538294862142,-0.132358011668986,0.821121700168544,103,95
"62","ITGA1","blue",0.906536148037602,18.4876847380297,-0.794706013088312,0.000104098084584701,48,53
"63","ITGA3","blue",0.901346651685414,15.2562902687014,-0.739792397078271,0.000473673545670497,64,56
"64","ITGA4","blue",0.953269615898101,25.6298704779697,-0.201736868534642,0.732425579667965,15,8
"65","ITGA6","blue",0.954413943442746,27.8389035858101,-0.409208283336588,0.150407848063714,4,5
"66","ITGB1","blue",0.953595861129975,28.4082009466314,-0.314304768813485,0.426371219382425,2,6
"67","LAMA2","blue",0.85795751635227,12.3588367623398,-0.0567739425931437,0.950288162065609,79,80
"68","LAMB2","purple",0.698492078428259,0.754763597788515,0.865692889300215,0.351268971713652,23,24
"69","MAP1b","blue",0.876866928300611,12.6781763649613,-0.172342647047952,0.809249359424112,77,72
"70","MAP1LC3A","purple",0.79033656165836,1.06474900611698,0.374564616652087,0.702755134116304,17,19
"71","MAP2","purple",0.671010396951228,0.650572963531951,0.0253863392380835,0.976112336094723,25,25
"72","NCAM1/NCAMX1","blue",0.814810794509021,10.7678884561133,-1.10743062624236,1.54936478625008e-07,88,94
"73","CYYR1","purple",0.805340788518201,0.510523174882088,0.216945188323786,0.88097390167056,27,17
"74","CYP4F29P/C21ORF15","blue",0.924224393241756,22.1520303361256,-0.302421323971297,0.475399039892859,31,43
"75","CXADR","purple",0.801130533281192,1.21681449520773,0.105043739307222,0.947503077527357,14,18
"76","CRYZL1","purple",0.883570568749677,2.64635774072111,1.06119604820783,0.646093492189271,3,7
"77","CRYAA","purple",0.883468922702132,1.91821255634408,0.535665136153739,0.694318142946279,8,8
"78","COL6A2","purple",0.887726718244528,2.30248562463065,1.64929090065036,0.382439457960401,4,6
"79","COL6A1","brown",0.851399624369863,6.60413101780267,0.11319057705125,0.901384248388415,48,44
"80","COL18A1","blue",0.943052003837238,26.0694921388347,-0.208195092022179,0.731430330967996,13,19
"81","CLDN8","brown",0.897094395313432,8.90561929276835,0.127392680373594,0.865068864536157,8,8
"82","CLDN17","blue",0.948291994689679,25.4811064570172,-0.179383393959583,0.790247972877945,17,14
"83","CLDN14","brown",0.698837021984123,3.5101775884774,0.496888998152363,0.798641484291443,88,95
"84","CHODL-AS1/C21ORF39","brown",0.892575828382381,8.07517079999228,-0.0447092754712743,0.963695164059895,19,11
"85","C21ORF49","turquoise",0.875901315349576,13.2763884591516,-0.0742963488078567,0.92045838183307,30,36
"86","C21ORF37","turquoise",0.815954960826337,7.49952326383354,-0.0331755683301244,0.965137505477652,84,78
"87","BTG3","pink",0.739448692020121,1.49614190604314,0.370948645185964,0.747961123277809,30,33
"88","BRWD1/C21ORF107","turquoise",0.886291155128684,12.6501868320231,-0.122578858669023,0.837268691133651,35,26
"89","BACH1-IT3/C21ORF8","turquoise",0.861135920337853,17.6063462261297,-0.239458804674778,0.650223171662943,10,48
"90","BACH1","turquoise",0.880792207791634,19.0978967529673,-0.263491445635469,0.579349019063337,3,32
"91","B3GALT5","turquoise",0.918500651832786,20.0801479701827,-0.201221030558751,0.731430330967996,1,9
"92","ATP5O","turquoise",0.89808070504017,20.0017641699472,-0.206148201685519,0.731430330967996,2,16
"93","ATP5J","turquoise",0.847538299542089,10.6184004114424,-0.102697759769313,0.893026536297897,52,59
"94","ANKRD30BP1/C21ORF110","turquoise",0.832072318226755,14.241694671827,-0.228902162000379,0.696968902690269,23,71
"95","AIRE","green",0.762554011607142,2.14328675689212,0.130030405862314,0.92045838183307,38,38
"96","AGPAT3","turquoise",0.680514556767165,5.88818904064396,-0.152198789388846,0.830932463052881,98,125
"97","APPBP1","salmon",0.890301697600124,2.44413388177926,0.141785116256218,0.923859223516857,7,8
"98","ARMCX2","green",0.817712894845339,2.82764487749554,0.0871281310279354,0.943313787824971,30,30
"99","B2M","salmon",0.887673370152653,2.56572372046483,0.754601474672631,0.818731790396871,5,9
"100","BACE1","turquoise",0.834359155479507,9.87162511424983,-0.229372972176025,0.702755134116304,62,69
"101","BACE2","salmon",0.87310948532244,1.6495850694296,0.0116561700192572,0.994600537241749,13,14
"102","BPTF/FALZ","turquoise",0.881744101754917,16.2829822871931,-0.214872020502241,0.725395262173181,14,30
"103","HDLBP","brown",0.387168915404204,0.281594832517986,0.389504000816763,0.541767239093819,117,117
"104","HTT/HD","grey",0.710995921183105,NA,0.706709648438123,0.702755134116304,2,5
"105","IAPP","brown",0.676675856537362,1.88062212029784,0.128258896013621,0.901384248388415,98,99
"106","KCNIP3","turquoise",0.721629291523792,2.37270882620752,0.0400441989245048,0.963233378564299,128,115
"107","LRP1","pink",0.717741562870183,1.50028567608585,0.603680566828713,0.798641484291443,29,37
"108","MAPT1","pink",0.405390626823216,0.206563805241038,0.138709355813932,0.886518651184215,45,48
"109","PSEN2","blue",0.915237007255377,19.9263420412112,-0.232911041771354,0.666671587828281,44,49
"110","PSENEN","brown",0.757616946262407,4.71304915244045,0.312698384873463,0.821121700168544,71,85
"111","SAA4","brown",0.879287128833374,8.41645835914085,0.0424581788445985,0.962298283670352,15,25
"112","SORL1","pink",0.766071287200275,1.7825648944298,0.280406382650193,0.737035298358856,26,31
"113","TARDBP","brown",0.679229570391298,2.39216485650556,0.910838103618786,0.247992633475163,94,98
"114","TOMM40","brown",0.523434870152439,1.1680363081646,4.45050030829499,1.60223905968801e-08,110,114
"115","VLDLR","blue",0.797458120521465,7.24990713248868,-0.0256413849465135,0.976112336094723,100,98
"116","AIFM1/PCD8","brown",0.804467993022458,3.92800430339918,0.14862750076101,0.868228368555281,84,70
"117","BAD","purple",0.859658960802338,1.2442504889704,0.285169149279649,0.77751528918052,13,11
"118","BAK1","purple",0.64649084958881,0.660336533745133,0.0371932552514735,0.96746693064104,24,26
"119","BAX","brown",0.884902293956104,7.61610805549964,-0.162291136348208,0.821121700168544,28,19
"120","BCL2","blue",0.833118472819068,11.1378535991368,-1.08644191294888,1.87980348518659e-07,84,87
"121","KCNC1","blue",0.895641953508992,15.6900740097705,-0.255489673929864,0.630568465975165,61,57
"122","KCNB1","blue",0.908182215344846,17.6479928685883,-0.831595762676105,6.35294882592818e-05,52,52
"123","KCNA6","blue",0.940166666585085,23.7973514997429,-0.595939447208202,0.00765590962130029,25,24
"124","KCNA3","brown",0.67433260124777,1.82522215329184,-0.962783056067129,0.000170937276811712,100,100
"125","KCNA2","brown",0.557215833661788,0.718605272023956,0.296293120211019,0.850078547522195,113,112
"126","KCNA1","purple",0.889746660350833,2.16075228838477,0.782015942287452,0.530659812968131,5,4
"127","DPP6","brown",0.839567564166948,6.69599752596981,-0.0779415654216997,0.934518759104032,46,54
"128","DPP10","blue",0.850567550799954,11.0595664261124,-0.0815648317282109,0.923426409216927,86,83
"129","CLIC6","pink",0.779399026746305,1.62064819333197,0.886725643052975,0.360092152542534,27,30
"130","CLCN7","brown",0.895206262570043,9.14386379693564,-0.0628317590282412,0.947503077527357,7,9
"131","CLCN6","brown",0.894885595259234,7.915466753803,-0.0656366107391308,0.950698340609842,22,10
"132","CLCN5","pink",0.666604252615301,0.687554810877254,0.217698892688588,0.850078547522195,43,42
"133","NFKB1/NFKB","turquoise",0.843602623753582,12.6020715666073,-0.182160825735183,0.750371829791177,36,63
"134","KRAS/RAS","brown",0.656487454625192,1.83638801112086,0.34874833215189,0.653843625779197,99,105
"135","GADD45A/GADD45","turquoise",0.864803114885776,8.8695460133658,-0.0198946928522718,0.976112336094723,70,45
"136","FAS/FASLR","turquoise",0.8771616191142,10.572413535449,-0.0559554698610273,0.947503077527357,53,35
"137","FADD","grey",0.482140879832048,NA,2.63100466591673,1.27583746557966e-07,3,10
"138","DIABLO/SMAC","turquoise",0.274522264479913,0.0893184095210235,2.0882670691502,0.000174142275531608,140,140
"139","DAXX","turquoise",0.924705766762325,14.5030774223523,-0.122383200755163,0.850078547522195,21,6
"140","CCNG1","turquoise",0.470938409307823,0.363039549096557,1.7292589744286,1.52067031734597e-07,139,136
"141","CCNF","green",0.352387553514381,0.0583995261675219,3.98473685558841,1.80938057362424e-08,55,55
"142","CCNE1","turquoise",0.71061367565059,3.3328978684225,-0.791358279259178,0.000480949662987897,121,119
"143","CCND2","turquoise",0.706460145507027,3.95089459106639,-0.657010746836691,0.013517787264399,119,121
"144","CCND1","salmon",0.923099355308455,3.46812265914335,0.481226021338089,0.821121700168544,3,3
"145","AQP1","salmon",0.858928724683152,2.22520245074854,0.993373273863238,0.732425579667965,10,16
"146","ASTN2","turquoise",0.723605306129219,5.97655746461983,-0.0174440574947145,0.986816577882522,96,114
"147","CAV1","turquoise",0.726462377238368,4.51414397028466,0.0507559545702358,0.960320546279858,114,111
"148","CAV2","turquoise",0.8718059598702,11.6363038726817,-0.147924972697654,0.821121700168544,43,39
"149","CAV3","turquoise",0.764167213485145,3.91044177624272,0.15905530253766,0.821121700168544,120,97
"150","CDH2","turquoise",0.718900598701977,2.87765358704772,0.0789464521590588,0.939026241938163,125,116
"151","CLTC","turquoise",0.93408569788839,12.973119935917,-0.0835765817240499,0.901384248388415,31,4
"152","DYNC1H1/DNCH1","turquoise",0.903164857590663,10.360254846152,-0.0494974148554381,0.950288162065609,58,15
"153","DYNC2H1/DNCH2","turquoise",0.812114645928695,6.23426149264246,-0.0352440445744473,0.965137505477652,94,79
"154","DYNLL1/DNCLC1","turquoise",0.874806302016995,10.8246367769684,0.0443658234680315,0.953523000010282,47,38
"155","EPYC/DSPG3","turquoise",0.776173014447304,5.99474838018449,0.143887395337385,0.821121700168544,95,91
"156","FLNA","turquoise",0.879935357730845,10.0143526982684,0.00744368605213541,0.995755133591056,60,33
"157","NEFH","brown",0.890804855546611,7.50627753505131,-0.0566822502409296,0.957096769445522,33,14
"158","NEFL","pink",0.759798112054668,0.930003423670311,0.671706272107146,0.686471651328705,40,32
"159","NEFM/NEF3","brown",0.825022905742636,4.47183091363685,0.359910558471565,0.62509972794888,77,62
"160","NES","brown",0.891010185864711,6.95075959804029,0.206360231500867,0.77751528918052,38,12
"161","POTED/ANDRK21","brown",0.91605382504314,8.29757805184938,0.160918275204117,0.886518651184215,18,2
"162","TUBA1","brown",0.916611426366808,9.54901603091092,0.149054829179752,0.848094015112083,2,1
"163","TUBB2C","brown",0.880324433505514,7.671336337144,0.169230027600045,0.821121700168544,27,23
"164","UTRN","grey",0.65466761033521,NA,2.33008728240105,4.21536787136412e-11,4,7
"165","VCAN/CSPG2","brown",0.815459318576235,6.72653359347315,-0.136543689260198,0.840191938892734,45,68
"166","ABCC13","brown",0.859706657722324,8.41648092296308,-0.176181603040161,0.850078547522195,14,36
"167","ADAMTS1","brown",0.859700502721072,7.96041968592814,-0.0788278811335727,0.947503077527357,21,37
"168","ADAMTS5","brown",0.859807578719337,6.57708947316029,-0.163193979724185,0.837268691133651,49,35
"169","DSCR9","blue",0.846177084500203,9.6867194884702,-0.220545129378235,0.725395262173181,91,84
"170","DSCR8","brown",0.879477709037665,9.45434223469346,-0.223941740336284,0.753414012347181,4,24
"171","DSCR4","brown",0.881508247671193,9.45152673031238,-0.231967463210815,0.753414012347181,5,22
"172","DSCR3","purple",0.702195277527968,0.917451116802347,0.0933634010780286,0.939026241938163,21,23
"173","DSCR10","brown",0.813650348387424,6.66002730321195,-0.124059316716194,0.846738691048102,47,69
"174","DSCR1","blue",0.925530636065482,21.0183021036537,-0.155307840772738,0.821121700168544,37,41
"175","DSCAM","brown",0.859221919142654,7.60433762776638,0.0700244894384254,0.947503077527357,29,38
"176","DOPEY2/C21ORF5","purple",0.561396462975719,0.352905110888187,0.285166013607671,0.715795587880078,28,28
"177","DONSON","brown",0.908401315954382,9.87446566712371,0.0480080119054986,0.953523000010282,1,4
"178","DNMT3L","pink",0.811988392479348,2.42355436703106,0.0596159731063652,0.965137505477652,16,23
"179","DNAJC28/C21ORF55","brown",0.897246302271146,7.56155236581702,-0.074088078250007,0.962298283670352,30,7
"180","DIP2A","turquoise",0.700725888410773,1.56231095330225,-0.0315721994201925,0.963233378564299,131,123
"181","CHODL","turquoise",0.840154327287919,7.22950152494381,0.021742216956297,0.976112336094723,85,66
"182","CHAF1B","turquoise",0.85515575118483,9.05231673684261,0.0236345367318895,0.976112336094723,69,52
"183","CCT8","pink",0.911292960688921,2.30231294234509,0.219840912949127,0.821121700168544,19,2
"184","CBS","turquoise",0.887355714391883,11.0930301398617,-0.147555358012523,0.821121700168544,45,24
"185","C2CD2/C21ORF25","turquoise",0.841128391187973,6.83222653221499,-0.0457757198080734,0.953523000010282,90,65
"186","C21ORF91","turquoise",0.898045639246072,10.4919024949294,-0.0537288939849538,0.947503077527357,54,17
"187","C21ORF79","turquoise",0.951280927166582,15.845950908954,-0.0717543592159699,0.923426409216927,17,1
"188","C21ORF77","turquoise",0.761044150636735,4.20701451654588,0.00259801622815514,0.998412863057927,118,99
"189","C21ORF63","turquoise",0.878506896910962,12.0532709978542,-0.164306902737384,0.821121700168544,41,34
"190","C21ORF62","salmon",0.962147386032438,3.48269762737435,0.185839939270575,0.873017460449735,2,2
"191","C21ORF59","turquoise",0.764418642755268,7.17530306041179,0.00601019834238369,0.996811283917838,87,96
"192","C21ORF54","green",0.727992178765649,0.779165572474961,-0.184708255565019,0.821121700168544,51,42
"193","ERG","salmon",0.881000354392823,1.79132772065974,0.52013683271102,0.821121700168544,12,10
"194","ETS2","green",0.821561135748026,4.26446532764553,0.161957919664057,0.850078547522195,17,28
"195","FAM3B","turquoise",0.85145875072809,10.1851199185685,-0.170434919253271,0.821121700168544,59,56
"196","FTCD","turquoise",0.865165151478391,9.8566895966897,-0.15124721658595,0.821121700168544,63,44
"197","GABPA","turquoise",0.948513863315381,16.1468523072896,-0.117619265652793,0.850078547522195,15,2
"198","GART","turquoise",0.896607277897859,17.0273625682085,-0.157523209763994,0.818731790396871,13,18
"199","GRIK1-AS1/C21ORF9","turquoise",0.944955422654031,13.451248848969,-0.134630008069846,0.821121700168544,26,3
"200","GRIK1-AS2/C21ORF41","turquoise",0.698193042518634,3.2361744600141,0.140640837407054,0.845899883575223,122,124
"201","HLCS","turquoise",0.869899392600493,8.3916608868568,-0.0836206086620747,0.918372130118744,73,40
"202","HMGN1","turquoise",0.783697004615176,6.79730887234522,-0.00553574070734441,0.996811283917838,91,89
"203","HUNK","turquoise",0.904748697178256,13.396923421096,-0.132042058798329,0.821121700168544,27,12
"204","ICOSLG","turquoise",0.75107919479287,5.48316623402428,0.0567606276755277,0.947503077527357,102,103
"205","KRTAP11-1","blue",0.894460249014391,16.2657258102188,-0.217248252855847,0.676515503039727,56,60
"206","KRTAP6-1","brown",0.836157862582634,6.84544200896924,-0.102956823979977,0.880005436456108,41,56
"207","LCA5L/C21ORF13","blue",0.941048706648104,23.5621648570653,-0.216616831728226,0.685992462923098,27,21
"208","LINC00113/C21ORF23","brown",0.787388291451647,4.2216263486558,0.147196573944466,0.821121700168544,82,80
"209","LINC00158/C21ORF42","blue",0.949141842594187,27.8333643596545,-0.20660001536634,0.729773524112438,5,11
"210","LINC00159/C21ORF44","blue",0.944262121622221,27.0475824574977,-0.152250464936013,0.821121700168544,8,17
"211","LINC00160/C21ORF52","blue",0.948840722765053,24.5691186932166,-0.709580123334404,0.00038440682979922,20,12
"212","LINC00189/C21ORF109","blue",0.930773672060394,22.4983780227324,-0.151987819298811,0.821121700168544,30,34
"213","LINC00308/C21ORF74","blue",0.938057047583546,23.7506194992659,-0.233961283709223,0.612347411632899,26,26
"214","LINC00320/FLJ37539","blue",0.916758209964435,18.9112365663363,-0.587550620516034,0.00915577577733793,47,48
"215","LINC00478/C21ORF34","blue",0.784542004295912,5.634491884764,-0.189959242916561,0.745185505791893,108,105
"216","LINC00515/C21ORF71","blue",0.865248696894586,12.8007688873508,-0.234110384739527,0.63089128684223,74,78
"217","SLC19A1","purple",0.616454337483909,0.535698110184076,-0.062687950653562,0.947503077527357,26,27
"218","SIM2","blue",0.774117465776938,7.02066203696837,0.244235257887678,0.725395262173181,101,108
"219","SIK1/SNF1LK","brown",0.761359762245684,4.31782369754251,-0.105142137123655,0.90095384173007,79,83
"220","SH3BGR","blue",0.93607741474475,21.8910690892497,-0.706809027247047,0.000234984865441736,33,29
"221","SETD4","blue",0.893554262676949,15.921783940384,-0.0969769708055707,0.891454619047366,57,61
"222","SCAF4/SFRS15/CTDBP","blue",0.815363399854676,8.13171087641805,-0.109771510494126,0.888991415857519,98,93
"223","SAMSN1","blue",0.946113395673787,27.62167070005,-0.202562408742527,0.732425579667965,6,15
"224","S100B","brown",0.815567120861269,6.25136725706089,-0.0951213296201798,0.893026536297897,56,67
"225","RWDD2B/C21ORF6","blue",0.903839043204724,15.1793834471264,-0.707264128159262,0.000468982755578512,65,55
"226","RUNX1-IT1/C21ORF96","brown",0.860755207319701,7.55936193353646,-0.0577909783108787,0.947503077527357,31,34
"227","RUNX1","blue",0.954766060923576,24.1642138510989,-0.517333651452965,0.0218079746968283,23,4
"228","RSPH1/TSGA2","blue",0.807047680186061,6.04023965119457,-0.206498515637989,0.746841494873889,105,96
"229","PDXK","turquoise",0.766530742230648,5.67699995479818,-0.00935103193335917,0.994600537241749,100,95
"230","PDE9A","turquoise",0.89504018360796,10.4701711936327,0.00370105828411038,0.996811283917838,56,19
"231","PCP4","turquoise",0.729347407312246,1.92196523640172,-0.724172152686962,0.00147350340772448,129,110
"232","PCNT","grey",0.440000945023528,NA,-0.8081861589257,0.0344872088175415,5,11
"233","PCBP3","blue",0.794495743877091,8.23913793296223,-0.88876597390587,8.11275989366296e-06,97,101
"234","PAXBP1/C21ORF66","turquoise",0.920020265035236,12.1463278584105,-0.126041164465318,0.837268691133651,40,7
"235","OLIG2","turquoise",0.852633433639122,8.24528759341287,0.0143754664577606,0.986816577882522,75,54
"236","OLIG1","turquoise",0.927848475659772,15.4767576999641,-0.110870925752653,0.875877166053175,18,5
"237","NRIP1","turquoise",0.788833402918734,5.89525964130266,0.0220431709156128,0.976112336094723,97,87
"238","NDUFV3","turquoise",0.836793227766358,9.12919923834553,-0.153882939490508,0.821121700168544,68,68
"239","N6AMT1/C21ORF127","salmon",0.984055585721151,4.1786942680767,0.281113406931648,0.850078547522195,1,1
"240","MX2","salmon",0.899265297312944,2.32490525379392,0.74202915703321,0.821121700168544,9,6
"241","TMPRSS2","green",0.84908046841854,4.82527008165308,0.196329697580892,0.846738691048102,11,23
"242","TMPRSS3","green",0.850578110886477,4.62082184606977,0.00704637331542601,0.996811283917838,13,21
"243","TPTE","salmon",0.890650493762662,2.48426985331339,0.0438553267712933,0.976112336094723,6,7
"244","TRAPPC10/TMEM1","salmon",0.87978935491329,2.32975439556657,0.0483825002378557,0.965137505477652,8,11
"245","TRPM2","turquoise",0.90416655903925,12.3350215278032,-0.0392718736338082,0.963233378564299,38,14
"246","TTC3","turquoise",0.790745367922349,6.4936820135324,0.107325997082619,0.89863513658016,92,86
"247","U2AF1","pink",0.811290371941388,0.964487724840998,0.194496621584317,0.918372130118744,39,25
"248","UBASH3A","blue",0.853271079450752,13.0153525389272,-0.74430791597917,7.92510143822784e-05,71,82
"249","UBE2G2","turquoise",0.844802315480775,8.78206092635445,-0.0796183991706533,0.915360151494992,71,61
"250","UMODL1","turquoise",0.889565153086798,10.4117601666369,-0.0789332990562845,0.904556856818977,57,23
"251","URB1/C21ORF108","turquoise",0.715889910511485,2.72123709582647,0.0600535834981381,0.947503077527357,126,118
"252","USP16","blue",0.767175495055302,8.66605432237241,-1.18808899769182,4.14570451865464e-10,95,109
"253","LMX1A/LMX1","brown",0.794191479334792,5.25315145604667,-0.134232764909277,0.821121700168544,63,75
"254","NDEL1/NUDEL","blue",0.929398163036839,19.1755813829701,-0.214192846007404,0.696968902690269,46,36
"255","NF1","blue",0.825989261888118,12.2291702641209,-1.1317352622855,2.48188103660844e-09,82,90
"256","NOTCH1","blue",0.937683737046991,22.034506258486,-0.103428673261987,0.88097390167056,32,27
"257","NRG1","brown",0.846230679049848,6.32562413434592,0.0626490010383902,0.947503077527357,54,49
"258","NRG2","blue",0.832352145365574,7.67376190415048,-0.88688182751641,2.80184831543692e-05,99,88
"259","NTN1","blue",0.889800028640226,15.7405902704083,-0.0534568093227347,0.949021320899218,59,65
"260","PAFAH1B1/LIS1","blue",0.836060011331162,9.46588389379487,0.0109193445292601,0.994600537241749,93,86
"261","PAX6","blue",0.918372345172918,18.0497663933976,-0.748437414788476,0.000123218107967498,51,46
"262","RELN","blue",0.477158716565319,0.57570974148792,1.16282419325601,0.000160246180283761,127,128
"263","TBR1","purple",0.869570718239417,1.75914305492835,0.880687981953491,0.694318142946279,11,9
"264","TSC1","purple",0.771930099798759,0.875766509618087,0.0123077744109609,0.994600537241749,22,20
"265","RAB6A","blue",0.860021490576764,11.4087556065695,-0.172081131391248,0.750777966484846,83,79
"266","RAB5A","blue",0.713420240821519,4.88564860526677,0.637132647912319,0.0420929708960831,111,115
"267","RAB4A","blue",0.775991800190704,5.9746603739815,0.292124007200139,0.600695495821234,106,107
"268","RAB3A","blue",0.92645842492982,20.4221294532735,-0.20266303238062,0.731430330967996,41,40
"269","RAB2A","blue",0.951060342848468,27.5575920069989,-0.137171416128884,0.821121700168544,7,9
"270","RAB27A","blue",0.47894085326608,0.697420154981617,1.4009372941333,7.61377727547521e-07,125,127
"271","RAB24","blue",0.936680835303332,25.4876235582526,-0.193169122133673,0.750371829791177,16,28
"272","RAB1A","brown",0.867084729062666,7.67595473103285,0.0813171424388268,0.92045838183307,26,30
"273","RAB11B","blue",0.639414203580728,1.58610343218324,-0.000996949949622294,0.998878956062903,121,122
"274","RAB11A","pink",0.643387598423198,0.863276732305491,4.13571935926434,1.50302959835204e-11,41,43
"275","RAB10","pink",0.897513188910038,3.14919360455569,0.407053072575092,0.774413053894431,6,3
"276","PPT2","brown",0.672902544081159,1.41383875977719,0.988590802190138,4.15635562412696e-05,106,102
"277","CTSL","blue",0.679295550370792,1.45466174026257,-0.128337021119657,0.846738691048102,123,117
"278","CTSH","turquoise",0.385711573486037,0.50130715574642,1.80851945066531,4.11372752007949e-09,138,139
"279","CTSG","turquoise",0.774151032307772,5.02783279529002,0.0198630117480198,0.976112336094723,110,92
"280","CTSE","turquoise",0.675327313377307,5.12085531072216,0.0616627077889355,0.947503077527357,108,127
"281","CTSD","turquoise",0.571810745587963,0.526095444914707,1.42208999619013,2.26637529612403e-07,137,132
"282","CTSC","turquoise",0.731430285646784,5.70788155478934,-0.016246223761545,0.986816577882522,99,109
"283","CTSB","turquoise",0.590292974348477,0.641167842236529,1.51895919966704,1.65600693797384e-06,136,131
"284","CSNK1A1","salmon",0.875034680198257,1.51961941416395,0.375541447827102,0.821121700168544,15,13
"285","CANX","turquoise",0.906453461791559,13.767321632526,-0.09991732681435,0.891454619047366,25,11
"286","CALR3","turquoise",0.822251904901662,7.9699153404077,-0.0867431793127304,0.92045838183307,77,77
"287","BECN1/BECN","green",0.871324623287969,5.88215506066003,0.087154045329945,0.938158909435301,5,18
"288","ATP6V0A1/VPP1","green",0.744557732534299,2.18055172728594,0.221940043529965,0.821121700168544,37,40
"289","IFNAR1","green",0.886356045496802,5.64977513157822,0.176285707752151,0.837268691133651,6,14
"290","IFNAR2","green",0.859325087690385,4.07597206158018,-0.00327286064564313,0.996811283917838,19,20
"291","IFNGR2","salmon",0.89997208339074,2.68118120619244,0.0104495091571186,0.996811283917838,4,5
"292","IGSF5","turquoise",0.894113064694722,12.3442493185573,-0.079929240934476,0.92045838183307,37,20
"293","IL10RB","turquoise",0.90426682024718,12.6582241075043,-0.085344199835069,0.92045838183307,34,13
"294","ITGB2","turquoise",0.91852807937155,12.946313249778,-0.0568046885690813,0.947503077527357,32,8
"295","ITSN1","turquoise",0.885469574489209,10.7198954370981,-0.0164795303872802,0.979389772629451,50,28
"296","JAM2","turquoise",0.74573166820775,7.72325198209538,0.0202979588932259,0.976112336094723,82,105
"297","KCNE1","blue",0.641079718646823,4.27963660486171,-1.1687297683632,4.34803425676833e-09,113,121
"298","KCNE2","blue",0.871545976173307,14.6071511075659,-0.689515742240135,0.000326579990649782,67,74
"299","KCNJ15","turquoise",0.557842278575694,2.65686871022394,0.231704395903638,0.732425579667965,127,133
"300","KCNJ6","blue",0.784015542262417,8.24643218181967,-0.876543470226624,6.31440661383422e-06,96,106
"301","LRRC3","brown",0.744194488900399,4.20417474002299,-0.0963511181051752,0.893026536297897,83,89
"302","LSS","blue",0.890613274505056,12.7586070326839,-0.171536119631183,0.77751528918052,75,62
"303","LTN1/ZNF294","blue",0.829460951360178,12.3162831690676,-1.14015649504397,9.55509187752306e-09,80,89
"304","MAP3K7CL/C21ORF7","brown",0.868607140016814,6.81129816744618,0.194215585921815,0.821121700168544,42,29
"305","MCM3AP","brown",0.886563736524714,6.768144098452,0.0839787642087692,0.953523000010282,43,17
"306","MEMO1P1/C21ORF19","greenyellow",0.776024479306656,0.438139473777848,0.660620978067977,0.199993882180835,19,18
"307","MIS18A/C21ORF45","blue",0.961267451742457,29.7547539770936,-0.162704875784049,0.80866746883423,1,3
"308","MORC3/ZCWCC3","brown",0.79174663134546,2.74688438428477,0.384337354900223,0.512399484806503,92,77
"309","MRAP","brown",0.90315692560656,8.80863845277685,-0.139239508561943,0.859157382877989,10,5
"310","MRPL39","blue",0.877590351500426,15.4692322355872,-0.919978011675785,6.97160102489124e-07,63,70
"311","MRPS6","blue",0.821100066978195,10.7375582522669,-1.04417166021815,2.25538098598789e-08,89,91
"312","MX1","blue",0.8712028514132,12.8869816375118,-0.225447211044347,0.638450042430352,72,75
"313","TMPRSS15/PRSS7","blue",0.917867348394143,19.9094461843969,-0.556294640445472,0.00991177047458661,45,47
"314","TMEM50B/C21ORF4","brown",0.751939940339045,3.22975754501185,-0.0811259450879591,0.949021320899218,89,88
"315","TIAM1","blue",0.924226502789209,21.6978114265402,-0.206086473953482,0.694606352070229,34,42
"316","TFF3","purple",0.863924805179024,2.09705070115221,1.163372084241,0.715795587880078,7,10
"317","TFF2","blue",0.940541095275656,26.1707142094427,-0.168853747488024,0.80866746883423,11,23
"318","TFF1","blue",0.950498124020892,26.8286597078607,-0.140398621340206,0.821121700168544,9,10
"319","TCP10L","blue",0.870148245603306,13.2062392714313,-0.0491274420731158,0.953523000010282,69,77
"320","SUMO3","blue",0.793099244855468,5.87737150563188,-0.0916245097670267,0.918372130118744,107,104
"321","SON","brown",0.672981753755878,1.2477082021867,0.408623150177533,0.29330333902486,109,101
"322","SMIM11/C21ORF51","brown",0.789140545257963,4.48770917756077,0.191302940200778,0.798641484291443,76,79
"323","SLC5A3","brown",0.735356297497174,2.05823384012035,0.347056455645716,0.745185505791893,97,92
"324","SLC37A1","greenyellow",0.868184041771377,1.0680489032764,0.366346282172624,0.62509972794888,12,8
"325","RRP1B","blue",0.84548493571318,12.7278307832623,-0.752235032506374,4.22652401155392e-05,76,85
"326","RRP1","blue",0.819256198863324,9.62751484994971,-0.704340455692926,9.65708857023236e-05,92,92
"327","RIPPLY3/DSCR6","turquoise",0.829549848309791,7.70353684866864,-0.0889316095299448,0.89863513658016,83,72
"328","RBM11","grey",0.91341026642272,NA,2.18703711825084,9.12532209610504e-05,6,2
"329","PWP2","turquoise",0.700937492294978,6.34287000886649,0.0285540165460194,0.976112336094723,93,122
"330","PTTG1IP","turquoise",0.754512398141963,7.82176782435574,0.0383983274921417,0.964010629824836,79,102
"331","PSMG1/DSCR2","turquoise",0.844373487071943,9.37549081895799,-0.0229657516941368,0.976112336094723,66,62
"332","PRMT2","turquoise",0.914956591788824,13.2946251357651,-0.147759648973275,0.821121700168544,29,10
"333","PRDM15","turquoise",0.886075528274273,10.7969480478674,-0.0866034135648439,0.918372130118744,48,27
"334","POFUT2","green",0.829359296453412,3.62606624213097,0.314148242497167,0.765337221117942,25,25
"335","PKNOX1","green",0.894046738229884,5.50937562592666,0.243001157400291,0.825448001070824,8,11
"336","PIGP/DSCR5","turquoise",0.758647928824404,5.32043007805663,-0.0478790267706817,0.953523000010282,104,100
"337","USP25","green",0.82833586532525,2.51577460862275,0.1442288370827,0.901384248388415,34,26
"338","WRB","green",0.922111814507117,6.2913241780398,0.158212375890062,0.891454619047366,1,4
"339","ZBTB21/ZNF295","green",0.918060033787165,6.26253898969434,0.0950261713117424,0.923426409216927,2,6
"340","AFP","turquoise",0.743904386042888,5.18564046263636,0.0566153104231754,0.953523000010282,106,107
"341","DAB1","turquoise",0.767223150927923,7.12292374951242,0.0285466988161235,0.976112336094723,88,94
"342","DBN1","pink",0.525926947148573,0.171578676998457,-1.12469662524481,0.000597820113943887,48,46
"343","DCX","turquoise",0.881441962153133,8.49021824574025,-0.0487887891507035,0.950288162065609,72,31
"344","DISC1","turquoise",0.650221132155019,5.28507497887819,0.150938328170541,0.837268691133651,105,129
"345","DLX1","turquoise",0.660830720983246,4.90087275064533,0.029555064031066,0.976112336094723,111,128
"346","EMX2","turquoise",0.504081599117924,2.89634650605312,0.232313739192664,0.750371829791177,124,135
"347","FKTN/FCMD","greenyellow",0.786126914759192,0.828062305424291,0.53712262833391,0.373773298220748,15,17
"348","FMR1","greenyellow",0.811836160415306,0.978445099591636,0.533444328246819,0.385774048383804,13,16
"349","TSC2","brown",0.795594681319814,3.5977879366079,0.082261773662192,0.923426409216927,86,74
"350","APPL1","brown",0.862044294136287,5.99440738227258,0.0214991119254741,0.976112336094723,57,33
"351","ARHGDIB","brown",0.886461906757812,7.79655109858853,-0.0342000919922127,0.965137505477652,23,18
"352","ATG10","pink",0.631109680902617,0.809710404529686,5.10732056419217,7.16866817298976e-11,42,44
"353","ATG12","pink",0.852507501892315,2.37477380783983,0.724315735117222,0.317908832003897,17,16
"354","ATG3","brown",0.669991185589232,0.998606812885212,1.60008849131644,3.04123801085199e-09,111,104
"355","ATG4A","greenyellow",0.675243666053215,0.133523591699122,-0.7053373252736,0.0724496618538699,21,20
"356","ATG4B","brown",0.488170983937673,0.442242934741184,2.88197232496294,3.08570146453613e-11,114,116
"357","ATG4C","brown",0.844024652116782,6.29708111647097,0.113393823734011,0.893981001758528,55,52
"358","ATG4D","blue",0.930084726446759,20.960097833819,-0.241519555831508,0.62509972794888,38,35
"359","ATG5","purple",0.839257556186642,0.944730909993797,0.071495027625545,0.947503077527357,20,13
"360","ATG7","purple",0.828621811897848,1.39139014594502,0.511118338305836,0.821121700168544,12,16
"361","MBD3","brown",0.76097632306453,3.86164200447928,-0.088376671875217,0.947503077527357,85,84
"362","MBD2","brown",0.849012891784255,6.92212788806052,-0.0946862465896067,0.947503077527357,39,46
"363","HDAC6","brown",0.84841745434159,6.34308255807911,0.0190185170922925,0.991123847869581,53,47
"364","HDAC2","purple",0.888879212265532,2.12463058253046,0.391551234596385,0.821121700168544,6,5
"365","HDAC1","brown",0.845059043428002,5.10218494219044,0.256653761415062,0.821121700168544,64,50
"366","DNMT1","brown",0.8289000064786,4.98180433116006,0.0879877697092377,0.950698340609842,67,59
"367","SORT1","blue",0.933684457334148,23.8895751785873,-0.0544377981612125,0.947503077527357,24,31
"368","SORCS2","pink",0.727190036109335,1.31644004674624,0.551503174587953,0.497381198041315,33,36
"369","SORCS1","greenyellow",0.834723514951785,0.963472679280114,0.495941197256737,0.453513468942232,14,13
"370","RABGGTB","blue",0.940577950853126,22.6301031952999,-0.177401629087398,0.749213565867325,29,22
"371","RAB9","blue",0.942903163287781,24.5482122190876,-0.247407407054971,0.579349019063337,21,20
"372","RAB7A","pink",0.889971377939018,2.53636872540127,0.651542939868849,0.425545804824844,15,4
"373","PPT1","pink",0.67811553485028,0.392201961095339,0.157611272980256,0.821121700168544,44,41
"374","PEX5","turquoise",0.803971197933759,5.17972855102914,-0.012820924462578,0.986816577882522,107,84
"375","NPC2","turquoise",0.86782785814697,10.4743210140031,-0.164658174603822,0.745185505791893,55,41
"376","NPC1","blue",0.543303497781695,1.5560296787701,-0.918687635912432,2.05195877454963e-07,122,124
"377","MYO5B","greenyellow",0.673023019306917,0.141791013840878,-0.0824636034363601,0.947503077527357,20,21
"378","MYO5A","turquoise",0.82539656382497,7.1924910945533,-0.0406288559570251,0.958131586551725,86,74
"379","M6PR/CDMPR","turquoise",0.677921275783492,3.02656430603043,-0.0206103523306735,0.976112336094723,123,126
"380","LAMP2","turquoise",0.392434303455437,0.681959569823892,1.88303319284454,7.35193926177408e-07,135,138
"381","LAMP1","turquoise",0.777691807184676,5.6681448880246,0.00190444104508369,0.998878956062903,101,90
"382","KDELC1/KDEL1","green",0.900721715614134,5.04194101045383,0.0782995222217888,0.947503077527357,10,9
"383","EEA1","green",0.919988017598407,6.00439558855283,0.0921214333506355,0.941395911918566,3,5
"384","CTSZ","green",0.897933664833155,4.021170333826,-0.0482886385844616,0.963233378564299,21,10
"385","MECP2","green",0.822386954764753,2.86606223043805,0.344374722678717,0.821121700168544,29,27
"386","SNRNP70","salmon",0.903959384207331,1.99235387850191,0.36061179880667,0.821121700168544,11,4
"387","GABARAP","green",0.761637262072019,2.44498249014364,-0.142797504767954,0.93334173342403,36,39
"388","GABARAPL1","green",0.685734656151043,1.94026326182936,0.163175455570532,0.934518759104032,39,48
"389","GABBR1","green",0.656294050147498,1.59748890452217,-0.0776791978935369,0.963233378564299,46,50
"390","GABRA1","pink",0.735163223567782,1.40044701664762,0.516941805118795,0.830932463052881,32,34
"391","GABRA2","turquoise",0.860989027011957,8.25973025645421,-0.0848827195374415,0.901384248388415,74,49
"392","GABRA3","turquoise",0.885360269979705,10.7177244396801,-0.170673109735805,0.732425579667965,51,29
"393","GABRA4","turquoise",0.861478004633169,8.14828333336652,-0.159125904008558,0.753414012347181,76,46
"394","GABRA5","turquoise",0.859271230711794,11.0023189579553,-0.209072013844925,0.64296655982739,46,50
"395","GABRA6","turquoise",0.839191624025885,7.74577986600987,-0.0862254369383013,0.891454619047366,80,67
"396","GABRB1","pink",0.87268120856746,2.76897559220072,0.903149284084687,0.798641484291443,10,9
"397","AGER","brown",0.594981278228458,0.862756010389296,0.240565442261056,0.750371829791177,112,109
"398","APOE","brown",0.618492555587468,1.34032546190902,0.0726540594477231,0.939026241938163,107,108
"399","BMP1","blue",0.944201819240686,24.3890570217445,-0.199292561127416,0.725395262173181,22,18
"400","CSF1","blue",0.762639332164836,4.76933591980962,0.0331111101843579,0.969935504944144,112,110
"401","GFAP","blue",0.644308683948903,1.8908702920695,0.0788075761965063,0.92045838183307,120,120
"402","IL1B","brown",0.744081519434486,2.33316027694627,0.0760838021114684,0.934518759104032,95,90
"403","IL6","blue",0.504590427875508,0.687391056542529,0.113439928036624,0.914017216169795,126,125
"404","MBP","purple",0.767690848343489,1.01813266408886,0.444075511764106,0.62509972794888,18,21
"405","MSR1","purple",0.921909951529949,3.38951622247149,0.789003575578137,0.650312440874219,1,2
"406","SERPINA3/ACT","lightcyan",0.747508557670445,0.456258799613102,0.881513878512874,0.702755134116304,10,12
"407","TNFRSF1A/TR1A","brown",0.824024263074487,6.75333038955385,-0.21213418109269,0.78783233441469,44,63
"408","B3GALT4","lightcyan",0.856930870168035,0.621705463206977,0.275437025462717,0.891454619047366,8,6
"409","ADCY2","brown",0.708972014039055,2.81723358692467,-0.212483775831326,0.821121700168544,91,94
"410","ADCY1","brown",0.849032710099078,6.42271447034493,-0.186302923752177,0.821121700168544,51,45
"411","TGM2","purple",0.902877040796667,1.87231218119577,0.291810111388239,0.821121700168544,9,3
"412","TGM1/TGMI","brown",0.839340103376422,6.41357205724176,-0.123313541091625,0.901384248388415,52,55
"413","SRR","blue",0.924006123388957,20.5696228114649,-0.238102921188467,0.656654596209889,39,44
"414","SLC1A3/EAAT1","brown",0.559888270994691,0.29064986041159,-0.0988677948141036,0.950698340609842,116,111
"415","SLC1A2/EAAT2","brown",0.825139629548585,4.59557341613238,0.224768459543257,0.888729595456217,75,60
"416","SLC1A1/EAAT3","blue",0.882157328704528,13.970459757219,-0.16385305675809,0.821121700168544,68,68
"417","NOS2A","brown",0.823905229830636,5.04040083810505,0.062530689088267,0.953523000010282,66,64
"418","NOS1","pink",0.868311241362534,2.75141719568337,0.407261584049335,0.645917255557127,12,10
"419","GRM8","brown",0.844341107678607,7.5557985829499,-0.105557062763571,0.89863513658016,32,51
"420","GRM7","brown",0.835968920462374,5.6993617848158,-0.107684393170195,0.901384248388415,61,57
"421","GRIN1","pink",0.840767979498119,2.35213394070573,1.25420061113863,0.650312440874219,18,20
"422","GRIK5","turquoise",0.853658979197436,11.6097199635894,-0.215624732433355,0.630827579507266,44,53
"423","GRIK4","greenyellow",0.849501488456526,0.787617809922555,1.07792366407223,0.0523045418117123,16,11
"424","GRIK3","pink",0.880398185968922,3.79308728056234,0.812900140681664,0.80866746883423,2,8
"425","GRIK2","grey",0.917683046937031,NA,2.44034739965738,1.25565180040062e-05,7,1
"426","GRIK1","greenyellow",0.905361830494162,1.71736045318913,0.00603052121912739,0.996811283917838,4,2
"427","GRIA4","turquoise",0.725482337985992,5.03437915426536,-0.0794032608016293,0.923426409216927,109,112
"428","GRIA3","turquoise",0.436989067933327,0.877784326503416,0.20899963367254,0.821121700168544,134,137
"429","GRIA2","green",0.581540247674758,0.221263619110774,-2.20386993792051,6.38513045787004e-12,54,53
"430","GRIA1","green",0.720362790044504,0.616324320810407,-1.06507087393109,1.67452979606869e-05,52,43
"431","GLUD1","green",0.877366909935197,4.19918771604322,0.0725798723180037,0.963233378564299,18,17
"432","GLRA3","green",0.850091693765305,3.02222790382872,-0.008134276024502,0.996811283917838,28,22
"433","GNAS/GNAS1","green",0.944935825299597,5.53597570251087,-0.128778003203827,0.915360151494992,7,1
"434","GNAT1","green",0.925524273200395,4.34505520769338,-0.143916304185894,0.888991415857519,16,3
"435","GNAT2","salmon",0.87948790513353,1.56937733974697,0.186845112927011,0.953523000010282,14,12
"436","GNAZ","salmon",0.869644846778833,1.38252827575023,0.0700645085305433,0.963233378564299,17,15
"437","GNB1L/GBL","green",0.770355709256336,2.74567693779936,-0.207791532152737,0.715795587880078,31,35
"438","GNG2","salmon",0.638451424167317,0.106140716996207,2.48224500287113,9.37248905914595e-10,18,18
"439","ITPR1","pink",0.786081397792706,2.19616112041028,-0.0116640415556825,0.994600537241749,22,28
"440","RGS1","greenyellow",0.937371324989934,2.47490016166833,-0.00659176272535688,0.996811283917838,1,1
"441","RGS10","pink",0.863025789365574,2.66635260213737,0.239310418017203,0.821121700168544,14,11
"442","RGS12","pink",0.921176455072805,4.13428277757795,0.436656804248023,0.72482558273114,1,1
"443","RGS13","pink",0.855995266572628,2.2810035268801,0.24085753678178,0.845966993713616,20,15
"444","RGS16","greenyellow",0.870716724627093,1.1299005847484,0.205458682157655,0.833715798655151,11,7
"445","JUNB","pink",0.60887839731544,0.191746049888449,-3.33177295635956,5.70414301145929e-05,46,45
"446","JUND","blue",0.927253174005646,21.6716716662092,-0.709950066101573,0.000224458320239772,35,38
"447","ACHE","blue",0.877678153755055,12.2530404056377,-0.119562913878804,0.848094015112083,81,69
"448","ADRA1B","blue",0.468825324695146,0.566815885832133,-2.3395887330647,2.17100876402792e-07,128,129
"449","ADRA2A","blue",0.627712427080659,1.04758651325257,0.0852781528904915,0.89752154940095,124,123
"450","ADRA2B","blue",0.733240244479342,4.1889900511861,-1.31979297160625,4.3765551345116e-08,115,114
"451","BCHE","brown",0.898257895226498,9.19675216857861,-0.140372693444853,0.868228368555281,6,6
"452","CART","blue",0.927426045753081,20.3051837444041,-0.26474154762786,0.62509972794888,43,37
"453","CHAT","purple",0.726365145217713,0.973107014277471,0.604295828831844,0.821121700168544,19,22
"454","CHRM4","blue",0.856377367692562,11.0658201567122,-0.287388814579774,0.473225070098133,85,81
"455","CHRM5","brown",0.778149589532663,4.39440805119452,-0.0644499562821607,0.976112336094723,78,81
"456","CHRM1","blue",0.895201726715071,15.501632671562,-0.710263679621423,0.000983796164160912,62,59
"457","NRP1/NRP","brown",0.79162949823584,4.70196468809368,-0.149754704236841,0.923426409216927,73,78
"458","NGFR/TNFR","brown",0.830305978396488,5.70763474767355,-0.087999057991535,0.960320546279858,60,58
"459","NGFB","brown",0.853174367938648,7.23466220014341,-0.211128155255526,0.80866746883423,36,42
"460","KIDINS220/ARMS","brown",0.883872208921669,8.85107273883745,-0.233209249192057,0.731430330967996,9,21
"461","IRS2","blue",0.966014672474306,28.1424745874424,-0.304356650094978,0.463072963006591,3,1
"462","IGF2R","blue",0.964860404265121,25.8605219156937,-0.58849002070644,0.0131194812327997,14,2
"463","IGF2","blue",0.500202252076863,0.38946172746779,0.243726644228315,0.642173296638228,129,126
"464","IGF1R/IGFIR/IGFR1","brown",0.909156503117796,9.51624503221721,-0.0484143115061135,0.965137505477652,3,3
"465","IGF1","grey",0.828565691956564,NA,0.708882728373103,0.0937699776791118,8,4
"466","GDNF","grey",0.855231501576191,NA,1.2379911263449,0.0184633592173894,9,3
"467","FGF2","brown",0.854793836522203,8.44950295427332,-0.163616835057831,0.821121700168544,13,41
"468","CNTF","brown",0.82170355788238,4.90507502878515,-0.0825461346618192,0.947503077527357,68,65
"469","HTR2B","blue",0.799609956913563,10.845254995059,-0.974391068258091,1.22298425980026e-07,87,97
"470","HTR1B","turquoise",0.811831288807804,7.82388641945051,-0.239274879571336,0.572764010367709,78,80
"471","DRD5","turquoise",0.791292321565689,5.32963761779595,-0.134241843566777,0.821121700168544,103,85
"472","DRD4","turquoise",0.857866110234766,9.76065415494721,-0.255645614099098,0.483590642160362,64,51
"473","DRD3","pink",0.851891533148433,2.87828279431487,0.209195991363153,0.88097390167056,9,18
"474","DRD2","greenyellow",0.904840376054543,2.08736479086487,0.180220439245511,0.947503077527357,2,3
"475","DRD1","blue",0.648935223894616,2.54559707156609,-0.913119253902575,4.68986585377838e-06,118,119
"476","DDC","green",0.820653496869995,2.61273041562662,-0.149463467865464,0.854250610883461,33,29
"477","DBH","green",0.885600797243512,4.03936092930318,-0.20608487130668,0.774413053894431,20,15
"478","DAO","green",0.917241316812242,4.4647670129282,-0.253456282718623,0.750371829791177,15,7
"479","COMT","green",0.842538061697883,3.09840040834436,-0.133649285875368,0.947503077527357,27,24
"480","CHRNB4","green",0.709007023838486,1.83530332580518,-1.65209391168656,0.000160246180283761,42,47
"481","GABRB2","green",0.462690801177541,0.318130780796239,-3.00961852996441,0.000478263346023644,53,54
"482","GABRB3","green",0.93697964192266,5.9088068214262,-0.318755699899873,0.612347411632899,4,2
"483","GABRD","green",0.914949646721875,4.62592933894338,-0.240236245618119,0.759045108112307,12,8
"484","GABRG1","turquoise",-0.000362187706622357,0.084459280914293,0.0843546323356285,0.973197935207855,141,141
"485","GABRG2","green",0.795496523799859,3.2441287334759,-0.215178570120096,0.732425579667965,26,33
"486","GABRG3","pink",0.856590154954566,2.74783791410083,0.145166445035092,0.947503077527357,13,14
"487","GAD1/GAD67","pink",0.838890475848113,3.2303150179967,0.126331395498499,0.938158909435301,4,22
"488","GAD2/GAD65","greenyellow",0.839060873901304,1.27155150339413,-0.148592919319877,0.846738691048102,9,12
"489","SLC6A1/GAT1","turquoise",0.750510924938247,4.31647928333511,-0.187668794867716,0.732425579667965,117,104
"490","SLC6A11/GAT4","pink",0.807641911014,2.06830098871258,-0.010436841099918,0.994600537241749,23,26
"491","SLC6A12/GAT2","blue",0.664876974463392,4.2155390791428,-0.964199132614233,3.95830819323369e-07,114,118
"492","SLC6A13/GAT3","turquoise",0.596748723353518,1.68144050491516,0.0081447258381937,0.995755133591056,130,130
"493","FBP1","brown",0.797699345238741,4.27976618265843,-0.089624782609325,0.923794316670302,81,72
"494","FBP2","brown",0.857607277830976,7.68762911009805,-0.236209910046917,0.732425579667965,25,40
"495","PFKL","blue",0.926518875315461,18.2239254412748,-0.27768709928594,0.518924644909853,50,39
"496","PFKM","pink",0.862974152586386,2.89782223368812,0.396807049920561,0.65364811483499,8,12
"497","PFKP","pink",0.711042016195236,1.09218435541971,0.143384169726289,0.872239532667058,36,38
"498","SLC2A1","pink",0.852449382741682,2.26423354213608,1.15083762968497,0.489510243504671,21,17
"499","SLC2A2","blue",0.932304591958209,20.3919591916875,-0.231821468971516,0.702755134116304,42,33
"500","SLC2A3","purple",0.831385053875523,1.77376630486986,0.478574353784449,0.765337221117942,10,15
"501","SLC2A4","purple",0.929219861706944,2.97843201611683,0.549674424342317,0.715795587880078,2,1
"502","SLC2A5","blue",0.882860497375387,12.8378585172769,-0.361201306634954,0.336721370628573,73,67
"503","SLC2A6","blue",0.888500118323761,14.8271421787296,-0.870033053251333,7.26367057797008e-05,66,66
"504","SLC2A8","blue",0.794467840309718,6.89454865266689,-0.895201602769761,8.26431819214443e-05,102,102
"505","GNAQ","blue",0.890483273758705,15.90388212737,-0.451879884004514,0.137115849821201,58,63
"506","GNAL","blue",0.905892893227048,17.3136795630862,-0.443287444959018,0.137640800400439,53,54
"507","GNAI1","blue",0.938529077698505,23.5362197042584,-0.385566202950843,0.238965382089542,28,25
"508","GNA15","blue",0.932547416560993,21.2638344905682,-0.339440397991303,0.320743622348873,36,32
"509","GNA11/GNAL11","purple",0.854280801323966,1.21463009551369,0.125168592725362,0.923426409216927,15,12
"510","ADCY9","brown",0.852441331569791,7.04896196631717,-0.141447818356318,0.92045838183307,37,43
"511","ADCY8","brown",0.884409235069613,8.63634162504578,-0.256181075741993,0.698171778013224,12,20
"512","ADCY7","blue",0.948516439185456,24.6915071191523,-0.333040521542214,0.377600562632956,19,13
"513","ADCY6","brown",0.88889413847927,7.25408162021085,-0.223307360049581,0.774104131239185,35,16
"514","ADCY5","brown",0.864237948048295,7.79251973820218,-0.14115489595269,0.891454619047366,24,32
"515","ADCY4","grey",0.670499613597704,NA,0.72916610300598,0.453871162374816,10,6
"516","ADCY3","brown",0.847397594836188,5.94864887653972,-0.0347101223410364,0.976112336094723,58,48
"517","GRM6","blue",0.738200712786751,3.91963555552364,-0.650435680956725,0.00421381550975261,116,112
"518","GRM5","pink",0.845183629764277,1.82829559663063,-0.0492817859727754,0.976112336094723,25,19
"519","GRM4","greenyellow",0.754633258807111,0.469912858108073,0.376193668425508,0.725395262173181,18,19
"520","GRM3","turquoise",0.783845781043492,4.51578979572539,-0.303006714648466,0.34900493716323,113,88
"521","GRM2","pink",0.882102603396958,3.68948974128134,0.566840455139255,0.821121700168544,3,6
"522","GRM1","greenyellow",0.858950348042016,1.49601440730421,-0.163056794000682,0.846738691048102,6,10
"523","GRIP2","turquoise",0.823224626235386,6.95078935929481,-0.321505911263659,0.353903581626106,89,76
"524","GRIP1","green",0.765066932789935,2.70832481109668,-0.267314932659073,0.59273009672004,32,36
"525","GRIN2D","green",0.891067807680459,5.33732208116008,-0.226299638463668,0.725353966502577,9,12
"526","GRIN2C","green",0.744516860487728,1.81855176299529,-0.735890301337425,0.000529418064053557,43,41
"527","GRIN2B","green",0.658977517508916,1.46211917411614,-1.95470740105453,1.49920310058001e-05,47,49
"528","GRIN2A","green",0.867492004631955,3.68223515200858,-0.882613241988595,0.00130441105042985,24,19
"529","RGS2","green",0.60353033879579,1.4613336947787,-2.31166833612954,1.00212123146814e-09,48,52
"530","RGS3","green",0.647264100094774,1.25826426622691,-1.34839060038917,1.95322799216209e-08,49,51
"531","RGS4","green",0.883352077148946,3.90530092263219,-0.244531399725857,0.821121700168544,22,16
"532","RGS5","green",0.781102724059371,2.47800040166311,-0.166585591965045,0.862638757702928,35,34
"533","RGS6","green",0.814600192454272,3.72662663794306,-0.240371307471308,0.72482558273114,23,31
"534","RGS7","pink",0.857929881237673,3.00736821664148,0.00263248435450336,0.998878956062903,7,13
"535","RGS9","greenyellow",0.833221729907245,0.696347495626672,0.113407746440325,0.939026241938163,17,14
"536","ARC","pink",0.70831257760443,0.989750766564322,-0.122025964180514,0.918372130118744,38,39
"537","FOS","blue",0.734755910875863,5.26680793490578,-0.783196077578967,0.000140930699881362,109,113
"538","FOSB","pink",0.779779244499062,1.569246262481,-0.00187322014389668,0.998878956062903,28,29
"539","FOSL2/FOSLR","brown",0.696532944420998,1.58638060116914,-0.19871077697247,0.848094015112083,104,97
"540","JUN/CJUN","pink",0.882176555266398,2.75464421347791,0.842193618178638,0.821121700168544,11,5
"541","CHRM2","pink",0.790919023494454,1.05966958773097,0.366337433118708,0.798641484291443,37,27
"542","CHRM3","blue",0.876891210978518,12.4821795945769,-0.741965946624767,0.00132908385252707,78,71
"543","CHRNA1","blue",0.915144568996956,18.3600527442276,-0.640519235525791,0.00558837402767127,49,50
"544","CHRNA2","brown",0.876003748917366,8.79243109576432,-0.25534952377805,0.686471651328705,11,27
"545","CHRNA3","brown",0.843540454521466,7.46471398101704,-0.308909813892024,0.486311937138113,34,53
"546","CHRNA4","brown",0.890587668068859,7.96988674708397,-0.126915068065533,0.901384248388415,20,15
"547","CHRNA5","brown",0.890879022435886,8.35645642467663,-0.204572101010819,0.774413053894431,16,13
"548","CHRNA6","blue",0.953486199707636,26.6154655814348,-0.347515583018249,0.343397922733315,10,7
"549","CHRNA7","blue",0.404409203617913,0.372805575774743,1.98577899809679,4.17094094765503e-09,130,132
"550","CHRNB1","brown",0.753878190977821,3.58433096123112,-0.402039914706488,0.351268971713652,87,86
"551","CHRNB2","brown",0.825054175079963,5.30342956031783,-0.351102588538389,0.636651453190795,62,61
"552","CHRNB3","purple",0.452130310872349,0.0844830187365386,-0.369188143264714,0.452174339568924,29,29
"553","CNR1","blue",0.75983377359975,3.66709070015777,-0.507005397875806,0.0554738979098309,117,111
"554","CCK","blue",0.870267079132484,10.3971447538718,-0.52724455165999,0.0620309182881335,90,76
"555","STMN2","brown",0.799427271302711,5.09998501241488,-0.40075994973241,0.360092152542534,65,71
"556","STMN1","brown",0.79747841798177,4.62866505611848,-0.314063401161111,0.72273190583816,74,73
"557","NTF5","brown",0.858763774968472,5.80198799050939,-0.167352592898653,0.888729595456217,59,39
"558","NTF3","blue",0.702095340784724,1.94500410487555,-0.270575956595163,0.64296655982739,119,116
"559","BDNF","greenyellow",0.881241157896819,1.46540838685852,-0.181166761495427,0.895227429680462,7,5
"560","TH","brown",0.738890475210267,2.51079502181993,-0.34635732403393,0.395985627882715,93,91
"561","SLC6A4/SERT","greenyellow",0.900548419167705,1.73214987570347,-0.0614661740583777,0.973224799969119,3,4
"562","SLC6A3/DAT","greenyellow",0.830780351110134,1.42813552245742,-0.304346956875166,0.702755134116304,8,15
"563","SLC6A2/NET","pink",0.880425240772556,3.21935332514912,0.0856434322118646,0.976112336094723,5,7
"564","SLC18A3/VACHT","greenyellow",0.87931453585903,1.63495743768156,-0.437595402768667,0.572764010367709,5,6
"565","PAM","greenyellow",0.859369590780209,1.22671914237807,-0.264947334652911,0.750371829791177,10,9
"566","MAOB","green",0.715103805906033,1.84962819744343,-0.371651117384278,0.368223310778412,40,44
"567","MAOA","green",0.70928931182612,0.910551206291075,-0.337164091752066,0.750371829791177,50,46
"568","HTR7","green",0.890323278359468,4.61974478287662,-0.381853202716251,0.511092952503727,14,13
"569","HTR3A/HTR3","green",0.797438183554776,1.76700999371828,-0.308816600337944,0.715795587880078,44,32
"570","HTR2C","green",0.763848599337561,1.84552528023565,-1.08546109594609,0.0038013170285436,41,37
"571","CNR2","red",0.626335048368834,0.376210507514066,0.00801409104083905,0.996811283917838,47,43
"572","CRH","grey",0.0734439540107562,NA,0.125502789233167,0.915360151494992,11,16
"573","CRHR1","magenta",0.838919414128323,2.33338386801513,-0.0412811388020539,0.994600537241749,26,26
"574","FAAH","red",0.762513849945525,1.12683021842547,-0.0206196757686578,0.991543947876318,32,26
"575","GAL","grey",-0.173225590157208,NA,-0.350514185085836,0.578418834745485,12,17
"576","GALR1","yellow",0.833528853603603,4.5028588324019,-0.692049182877597,0.00925439141374188,5,21
"577","GALR2","yellow",0.827207906799649,4.29158867476656,-0.730180575030879,0.00784159931804329,6,22
"578","GALR3","yellow",0.680683852088718,0.787435958654395,-0.333473020393202,0.578418834745485,46,44
"579","Hcrt","yellow",0.367272928275813,0.165202058486496,-0.438909165943817,0.785469625958862,59,59
"580","Hcrtr1.&.Hcrtr2","magenta",0.772462211480427,1.294768765421,NA,NA,36,35
"581","LEP","red",0.787341840195783,1.06227331470591,0.560912744702716,0.725395262173181,33,23
"582","LEPR","midnightblue",0.588273546187544,0.0541067952190473,0.112552343751151,0.953523000010282,15,15
"583","CDK2","grey",0.16103701170423,NA,2.42761505241832,1.35087182726905e-09,13,14
"584","CAMK2A","magenta",0.885413955148367,3.71694690544477,0.715051956824616,0.893981001758528,11,14
"585","AKT","grey60",0.836575667942672,0.590764624100055,-0.196421952811997,0.821121700168544,10,10
"586","AKAP1","magenta",0.83216867535423,1.98612601830853,0.326913082849396,0.953523000010282,31,27
"587","ADRBK1","yellow",0.846536285083983,4.11664762215756,-0.528620705754568,0.11588178768677,9,18
"588","ABL1","yellow",0.682293378740683,0.880630536946159,-0.353630749004779,0.512399484806503,41,42
"589","SST","yellow",0.817761654637982,3.23803983710198,-0.468686018871783,0.137034788914872,15,26
"590","POMC","yellow",0.726187040345983,0.660026483888944,-0.278404752416004,0.504633649821365,49,32
"591","PENK","lightcyan",0.857426792507276,0.444740931980051,-0.14325879040501,0.947503077527357,11,5
"592","PDYN","red",0.784578287305465,1.35585831792964,-0.0286238482245586,0.976112336094723,25,24
"593","NPY1R","lightcyan",0.731668629305283,0.24069355330038,0.00472552289325456,0.996811283917838,13,13
"594","NPEPPS/PSA","red",0.719578314607678,0.589058723537985,0.574511915540061,0.747961123277809,41,36
"595","CDK5","magenta",0.56599828409514,0.115767658223648,4.15976507345547,4.77476384741438e-08,43,42
"596","CDK5R1","grey",0.33520904030819,NA,-0.198494241113564,0.821121700168544,14,12
"597","CIT","red",0.567000846014229,0.511110524371817,-0.0300108671209509,0.976112336094723,42,46
"598","CSNK2A1","red",0.733302726436518,0.795395848468481,-0.040369518428978,0.976112336094723,37,31
"599","CSNK2A2","red",0.910546402730502,2.74471006438469,0.502540559234225,0.732425579667965,7,4
"600","CSNK2B","red",0.930925955019906,3.43921614037366,0.126172885115078,0.953523000010282,1,1
"601","DUSP1/MKP-1","red",0.84015781524164,2.28740007496478,0.23780289521348,0.89863513658016,12,14
"602","DUSP4","magenta",0.956429270144747,5.99770967749824,-0.00541119840634607,0.998878956062903,1,1
"603","DUSP5","magenta",0.89345721783722,3.44829782288109,1.48743331875831,0.92045838183307,16,10
"604","DYRK1A","magenta",0.797517173944861,1.68814908513657,1.51755291673936,0.750371829791177,32,32
"605","DYRK3","tan",0.802450785004652,0.983067493138427,0.274265406059871,0.845966993713616,11,15
"606","EIF2AK2/PRKR","magenta",0.874313220352216,3.60094292261345,0.083253600874757,0.976112336094723,12,16
"607","MAPK13/SAPK4","magenta",0.869429931385271,3.49090859565402,0.429160102187076,0.923426409216927,15,18
"608","MAPK12/SAPK3","tan",0.810475313737454,0.866454976717249,0.35611694175699,0.837268691133651,15,13
"609","MAPK1/ERK2","tan",0.838478671330893,1.37724642146205,0.380998403259889,0.848597138180377,3,10
"610","MAP3K3","yellow",0.664966202611,0.920344660693759,-0.267099800738089,0.750371829791177,40,47
"611","ITPKC","yellow",0.370776192375627,0.290185575035274,-0.0427496965021552,0.976112336094723,57,58
"612","ITPKB","magenta",0.831766283892446,2.23831572520058,-0.691916418042106,0.821121700168544,27,28
"613","ITPKA","magenta",0.931841646147971,4.33896115046156,-0.147876135651574,0.950288162065609,4,2
"614","GSK3B","red",0.863986111777519,2.09158851010961,2.16040593623406,0.000569065536098293,17,8
"615","GPLD1","red",0.58933505662512,0.470370104510545,-0.0414237528379777,0.976112336094723,45,44
"616","FYN","magenta",0.893371389011555,4.02219448994865,-0.346994553311482,0.950698340609842,8,12
"617","FRK","red",0.633364884161647,0.385083566280537,0.235880440244907,0.883676727085755,46,41
"618","EPHA2","magenta",0.793280177941852,2.00948201014127,0.29248799589282,0.976112336094723,29,33
"619","MAPK14/MAPK","yellow",0.755844356147384,1.25080769777855,-0.328414326218303,0.348462919604717,35,30
"620","MAPK3/ERK1","black",0.767032684701948,1.04899413430029,0.213338221765842,0.92045838183307,39,37
"621","MAPK8","magenta",0.83164974376821,2.83471865657087,-0.0376226576387743,0.996811283917838,23,29
"622","MAPK9","magenta",0.896746639803013,3.94058715109416,0.0113986016482154,0.998878956062903,9,8
"623","MAPKAPK2/MAPKAPK","red",0.90397640572044,2.95959934128106,2.65833752825516,0.000195447911911527,4,5
"624","MARCKS","red",0.912732429606689,3.30670397993436,3.81457602819335,0.00106470271659078,2,2
"625","MTOR/FRAP1","red",0.884187780866584,2.95727707968067,4.31032714252004,0.000104041848645713,5,6
"626","PARP1/ADPRT","grey60",0.788609737388955,0.492740208231726,-0.192924892613895,0.778526825337318,12,12
"627","PPM1G/PPP2CG","red",0.858955142747002,2.16634774003471,0.191110212673494,0.904556856818977,14,9
"628","PPP1CA","magenta",0.840655228100896,2.53633018762102,-0.140136287938399,0.950288162065609,25,25
"629","PPP1CB","blue",0.440172723959122,0.301301721739003,1.35797438304238,0.000104041848645713,131,130
"630","PPP1CC","magenta",0.582755102109651,0.357441684946308,-0.467603106942271,0.541767239093819,41,41
"631","PRKAB2","grey60",0.937009909891738,1.37373784530111,-0.356639117695961,0.64296655982739,3,2
"632","PRKAB1","tan",0.810169042362255,1.25241943125271,0.379569020943137,0.80866746883423,4,14
"633","PRKAA2","tan",0.860397621396503,1.11442323121446,-0.045537118525182,0.981122594979721,8,8
"634","PRKAA1","red",0.877478909878828,2.65520199624744,3.33980057323183,2.80184831543692e-05,8,7
"635","PPP3CC","red",0.73670264201183,1.52984260203388,4.88334620980665,6.38513045787004e-12,23,30
"636","PPP3CB","magenta",0.852590607204935,3.0838426482727,-0.962662349869967,0.818731790396871,22,23
"637","PPP3CA","yellow",0.855542272786018,1.90889441082963,-0.434768913266096,0.190430589888507,25,17
"638","PPP2R5C","red",0.759536427427012,0.75886684669819,-0.166053961012215,0.837268691133651,38,28
"639","PPP2R3A","yellow",0.825498605762053,1.54139310252562,-0.344687109952984,0.320743622348873,30,24
"640","PPP2R1B","red",0.729678622092758,1.28346106308723,3.04771876111095,3.69921560965284e-09,29,34
"641","PPP2R1A","black",0.736210600282808,1.02293541522884,0.178290116559489,0.89863513658016,40,42
"642","PPP2CA","grey",0.50627696753114,NA,3.05762564532248,1.77619870488901e-06,15,8
"643","PRKAG1","black",0.680337615454715,0.653666317684775,0.116017578290602,0.947503077527357,45,46
"644","PRKAG2","black",0.877030010048639,2.5745096457021,0.34950485924257,0.837268691133651,22,11
"645","PRKAG3","magenta",0.866591016713148,3.4997956383544,-0.23798209161038,0.963233378564299,14,20
"646","PRKCA","magenta",0.901213257595862,4.1124809295491,-0.341054207745067,0.947503077527357,6,7
"647","PRKCB/PRKCB1","red",0.759123791715156,0.948158017375888,-0.0699470238882487,0.958131586551725,34,29
"648","PRKCE","red",0.575181492446548,0.366515126001948,-0.586788331911922,0.195004062054148,48,45
"649","PRKCI","magenta",0.926339812233414,5.13141848028335,-0.183949801016932,0.986816577882522,2,3
"650","PTEN","red",0.844571865331691,2.38892432120895,0.10276954482753,0.962298283670352,9,13
"651","PTK2B","lightcyan",0.821182568009297,0.698037134811357,0.693893703900875,0.753414012347181,6,10
"652","PTPN12","lightcyan",0.887942334564374,0.889623804638697,0.85585260236601,0.850078547522195,5,3
"653","RIPK4/ANKRD3","lightcyan",0.839481972007095,0.652101610075307,0.655071743940601,0.821121700168544,7,9
"654","RPS6KB1","magenta",0.872530487094737,3.58249236400793,0.0329499039880563,0.996811283917838,13,17
"655","ECE1","grey60",0.828719598394568,0.531342929216857,-0.185813251204526,0.821121700168544,11,11
"656","CSTB","magenta",0.867712732025719,3.13885640722325,0.508136285625632,0.872239532667058,19,19
"657","CST3/CSTC","grey60",0.855768388047257,0.784164172536792,-0.106198832900457,0.947503077527357,9,9
"658","CBR3","yellow",0.714952358945715,1.16558086157976,-0.228220955030841,0.80866746883423,37,35
"659","CBR1","yellow",0.908811789201691,3.83065533599675,-0.371154271617339,0.353903581626106,12,4
"660","CAT","yellow",0.883557962212466,2.47643782691404,-0.334202544378446,0.401531179894465,22,10
"661","CAST","yellow",0.696338935139204,0.775178168721076,-0.255725296683031,0.656556187996015,47,39
"662","CAPNS1","red",0.710857211454897,1.31353582142006,3.71042208684481,1.06987925149383e-09,28,37
"663","CAPN2","red",0.537307847967887,0.17872444661064,1.05244361974427,0.0212732119641071,50,48
"664","CAPN1","grey",0.284819200529597,NA,1.09672675611529,3.25017843370618e-05,16,13
"665","BAP1","black",0.736723091224171,0.588505877874275,-0.124532521712637,0.888729595456217,47,41
"666","ACP2","yellow",0.826167721774423,3.33157046609466,-0.371157929595004,0.234276313717933,13,23
"667","ECE2","yellow",0.697520769150337,1.37991497634204,-0.217013289529965,0.72482558273114,32,37
"668","FASN","black",0.696999212049637,0.509194421195116,0.221725249754983,0.821121700168544,48,45
"669","GAPDH","lightcyan",0.840574969250352,0.556284058478365,-0.458511729937208,0.821121700168544,9,8
"670","GLRX","cyan",0.667800398187932,0.286046556791103,-0.193918353549299,0.850078547522195,15,15
"671","GPX1","grey",-0.355548672894508,NA,-4.24043675835911,1.54721693180499e-15,17,19
"672","GSR","yellow",0.923743262715624,3.85646120161815,-0.491300884688637,0.0815048930307441,11,1
"673","GSTM1","yellow",0.878056206397756,2.90236577866985,-1.42861778588048,1.35087182726905e-09,18,11
"674","HMGCS1","magenta",0.853647281831888,1.99165174331823,0.293256558831227,0.950698340609842,30,22
"675","IDE","black",0.570374480017562,0.630031254092691,0.980005585639265,0.357114053007891,46,50
"676","LIAS/LIP1","midnightblue",0.912968882964792,1.59335748350001,0.447811100009553,0.790247972877945,7,5
"677","LIPA","magenta",0.84401732972028,2.77614747237809,0.512922027178996,0.923426409216927,24,24
"678","MAN1A1","midnightblue",0.755074691677048,0.457367174182975,-0.421219977222843,0.495747253262432,13,13
"679","USP7","midnightblue",0.890517138596899,1.06669139997422,-0.0830262730949424,0.976112336094723,10,8
"680","USP1","grey60",0.897965796631588,1.29214437234724,-0.422157990727025,0.468745755222983,4,7
"681","UCHL3","grey60",0.908589509591595,1.19947632406692,-0.167494418427706,0.871782359759511,6,6
"682","UBE2E1","yellow",0.918153480105738,5.04137662683068,-0.507612122997204,0.124561881729358,2,2
"683","TIMP1","red",0.81755108650045,1.12925162714152,0.208090319874827,0.890054683153438,31,19
"684","SOD2","magenta",0.684194532588634,0.694750121946378,-5.15875254198871,0.000166206463943735,40,40
"685","SOD1","lightcyan",0.798295364298613,0.326982935476962,-6.87708286153974,2.39405123565331e-05,12,11
"686","PTGS2","yellow",0.769267230868089,1.6476513224065,-0.337603171171322,0.473225070098133,27,28
"687","PTGS1","yellow",0.869763909343367,3.29341388726737,-0.470337419973906,0.124561881729358,14,12
"688","PSMD4","yellow",0.71334706318891,1.62098492984336,-0.345240273910577,0.432693937176777,28,36
"689","PRMT1","yellow",0.866985861072633,4.08097662195705,-0.435276685668606,0.183528375334885,10,13
"690","MME/NEP","black",0.824406432852595,2.23988116568225,0.399288740427079,0.80866746883423,26,23
"691","USP8","black",0.733979646993822,1.25965883810454,0.18350683974987,0.901384248388415,36,43
"692","ACSS1","black",0.784261854754087,2.10627734421028,0.207684373862933,0.923426409216927,28,30
"693","ACSS2","black",0.861844367581932,2.87928339693111,-0.0762551294376034,0.963233378564299,19,16
"694","CCAR2","black",0.91710829785905,4.68923265286892,0.128469592649238,0.947503077527357,6,5
"695","CtBP","cyan",0.878582507884942,1.2408802418096,-0.175653052103577,0.923426409216927,1,3
"696","EP300","yellow",0.865450213543653,2.57486055438869,-0.431783184812873,0.219698136717554,21,14
"697","EPAS1","black",0.845572778049381,2.92354321930959,0.0464556107262907,0.97900256081309,18,21
"698","Foxo1","black",0.793292376153404,2.30003767378674,0.259577732861019,0.821121700168544,24,29
"699","Foxo3","yellow",0.474938734945873,0.339265461410181,-0.273591832101629,0.821121700168544,55,57
"700","Foxo4","grey60",0.91472257588548,1.20250504119674,-0.203557061336294,0.821121700168544,5,4
"701","Gadd45b","grey60",0.91771823190513,1.51064468494756,-0.363911698452437,0.63089128684223,2,3
"702","Gadd45g","midnightblue",0.884110054797339,1.2026811974352,-0.243451368691645,0.821121700168544,8,9
"703","SESN1","midnightblue",0.924085575795452,1.73173239776865,0.0654831822242272,0.976112336094723,6,3
"704","Rock1","grey60",0.860881356654418,1.18894088191674,-0.252710722518154,0.821121700168544,7,8
"705","RELA","yellow",0.857598747739381,4.64649065270426,-0.573709442637625,0.0937699776791118,4,16
"706","RARB","black",0.781014663078926,2.25210727212438,0.449973745487829,0.725395262173181,25,31
"707","PPARG","red",0.399347012651342,0.649216350682295,3.77090604374552,2.09677616110142e-09,40,51
"708","NMRK2","yellow",0.840509897764552,2.26720961182824,-0.388944614513235,0.382439457960401,23,20
"709","NMRK1","yellow",0.715584505731083,1.16095516842327,-0.360520865890789,0.496875034886708,38,34
"710","Naprt1","black",0.865675867760856,3.76576144144987,-0.099633264789559,0.947503077527357,10,14
"711","NAMPT","cyan",0.855274261312832,1.14449464312638,-0.253540218791036,0.857281437735218,7,9
"712","NADSYN1","yellow",0.659343784072302,0.484244016612625,-0.499717144976539,0.199993882180835,53,48
"713","HIF1A","cyan",0.881969593426622,1.20918502162848,-0.244588361238735,0.873017460449735,2,2
"714","HIC1","black",0.896449739614406,4.0516516570794,0.602708798301163,0.755888484570737,9,10
"715","SESN2","cyan",0.812121489203731,0.532104252830454,-0.236482635175312,0.821121700168544,13,13
"716","SESN3","black",0.905972558629845,5.25945477387326,0.10153912703144,0.953523000010282,3,6
"717","SIRT1","black",0.927705525257687,5.37241825532917,0.012398981489115,0.996811283917838,2,2
"718","SIRT2","black",0.904370568921077,5.52311933674474,0.000614855270747227,0.99895895718484,1,7
"719","SIRT3","black",0.873226004046596,3.53178143983688,0.265707477407375,0.884172658384563,12,12
"720","SIRT4","black",0.856212592495175,2.96282925018404,-0.101139010454885,0.953523000010282,17,17
"721","SIRT5","black",0.852307851702375,2.59566676357066,-0.0934916599683877,0.964010629824836,21,18
"722","SIRT6","magenta",0.893403766894922,3.18744506350361,0.161302991094384,0.973532290327184,18,11
"723","SIRT7","black",0.77276809584539,1.97511567881252,0.266901542234498,0.845966993713616,29,34
"724","XRCC6","magenta",0.917887553258015,4.04066057103756,0.65746946059561,0.953523000010282,7,5
"725","ATP5D","midnightblue",0.913646372626577,2.52420759651425,0.603160424591259,0.821121700168544,2,4
"726","Bcl2l11","midnightblue",0.912775083253046,1.98719988272407,0.425002082607559,0.846738691048102,4,6
"727","HSF1","midnightblue",0.847842883803632,0.799552360547739,2.55056701497851,4.22652401155392e-05,12,12
"728","GHSR","midnightblue",0.93466012034266,2.92382927604719,0.463669516942042,0.837268691133651,1,2
"729","GHR","midnightblue",0.861973562609942,1.0696115057253,-0.104585955539485,0.923426409216927,9,11
"730","GH1","black",0.798314298133808,2.32510599430193,0.324911871524933,0.790247972877945,23,28
"731","DNAJC5","red",0.485990645618726,0.905715290713981,3.10982273564234,1.77653907689997e-08,35,50
"732","DNAJB6","black",0.85129653957363,3.00839581168376,-0.263008148260681,0.821121700168544,16,19
"733","DNAJA3","red",0.821382253153871,2.0978838875892,3.06256025192565,1.71312022712541e-06,16,17
"734","DNAJA1","black",0.849058928024808,3.37255190478549,-0.0301055309353692,0.976112336094723,15,20
"735","Cox4i1","black",0.903155108266642,4.77388023678378,0.00894927264965339,0.996811283917838,5,8
"736","CDKN2a","cyan",0.868667934251746,1.14864484133089,3.33861129511495,0.00013534792004502,6,4
"737","CDKN1b","cyan",0.836159202272385,1.18418419132663,3.15650106197533,2.39405123565331e-05,3,11
"738","CDKN1a","cyan",0.855861440500085,1.17361567904918,2.6647232351661,0.000127423224838809,4,7
"739","HSF2BP","black",0.801158155909059,1.70138272031627,-0.0357655474938725,0.976112336094723,31,27
"740","HSP90AA1","black",0.917940737528863,4.26227272899903,0.552260524083005,0.750777966484846,7,4
"741","HSPA13/STCH","black",0.771938759419002,1.84175133307983,-0.135826632694231,0.89863513658016,30,35
"742","HSPA1A/HSP70","magenta",0.893137890659159,3.09559231689465,-0.422875703111804,0.883676727085755,21,13
"743","HSPA5/BIP","magenta",0.810579004414468,1.67658424013309,0.364525655506327,0.914017216169795,33,31
"744","HSPA8/HSC70","black",0.742835110359206,1.13712320161704,-0.19787059978976,0.914017216169795,38,40
"745","HSPA9","red",0.796147423205899,2.20334560609786,3.70195797313241,1.13174025608615e-07,13,20
"746","HSPD1/HSP60","red",0.631847690388633,1.32170010436511,3.47886873250828,1.00212123146814e-09,26,42
"747","HSPE1","red",0.790752451909061,2.03065867854256,5.97331800593647,4.94139191975625e-08,18,22
"748","Nmnat1","midnightblue",0.934707483574681,2.22785834808329,0.257217913091055,0.866912284316018,3,1
"749","Nmnat2","grey60",0.941162797879534,1.7921716191802,-0.395300990818049,0.463072963006591,1,1
"750","Nmnat3","midnightblue",0.867510747719538,1.04998552977374,-0.0937850332758163,0.947503077527357,11,10
"751","CYP11B2","magenta",0.75251409713959,1.54815826565945,-0.425095230825908,0.807318600981213,35,37
"752","CYP11A1","midnightblue",0.911783766257844,1.95860066700831,-0.0702110693459943,0.976112336094723,5,7
"753","CYCS","yellow",0.776204571911477,2.08463664268326,-2.14509127694796,1.31482967403895e-14,24,27
"754","CARM1","black",0.63992315914072,0.738819949387268,0.227740608614652,0.934518759104032,44,49
"755","AR","black",0.807758621799056,2.22788680021682,0.488910430085647,0.725395262173181,27,25
"756","AKR1C3","lightcyan",0.936026531382811,1.30428414325668,-0.0894537417217726,0.976112336094723,1,1
"757","ABCG1","magenta",0.825787577692563,2.10435994586755,-0.2586300023714,0.88097390167056,28,30
"758","UCP3","black",0.868759563920663,3.50033430176239,-0.154454464433494,0.884172658384563,13,13
"759","UCP2","black",0.900472633715943,4.06253493042605,0.0351549798964976,0.976112336094723,8,9
"760","UCP1","cyan",0.644209988071132,0.234865693386795,-0.272318136680669,0.821121700168544,16,16
"761","Tfam","black",0.8644745041099,3.49254647248086,-0.190912427988446,0.845966993713616,14,15
"762","PPARGC1A","cyan",0.856549085077347,0.973200009757727,-0.255706481870525,0.868228368555281,9,6
"763","CYP17A1/CYP17","cyan",0.890355304819383,1.1719160614219,-0.0835463025708795,0.953523000010282,5,1
"764","ESR1","black",0.931259980989404,4.84205605988129,0.486677039604519,0.821121700168544,4,1
"765","ESR2","yellow",0.890713559904022,4.2480324170444,-0.452893114983205,0.132054477839053,7,9
"766","GNRH1/GNRH","yellow",0.722028603110235,1.52475776958126,-0.352240642663671,0.473225070098133,31,33
"767","HMGCR","magenta",0.71698742815615,0.913353780689239,-0.363369947116984,0.732425579667965,37,39
"768","HSD17B1","yellow",0.630088425957123,0.599876442200789,-0.4292427069792,0.354856047134734,50,52
"769","NCOA1","red",0.686578173949655,0.800536906564718,-0.121735097278726,0.964010629824836,36,38
"770","NCOA2","yellow",0.667642422981778,0.875805687273649,-0.294094289591724,0.702755134116304,42,46
"771","NCOA3","red",0.831513942684159,2.13825972582562,1.2578186066697,0.439301650519514,15,16
"772","NCOR1","grey60",0.913361942378701,1.10829902742769,-0.323635443437586,0.571669249520283,8,5
"773","NCOR2","midnightblue",0.744591077345622,0.190885597616034,0.364450970071035,0.757896129177268,14,14
"774","NEU1","tan",0.893908177023848,0.94784493722768,-0.240201160695882,0.862638757702928,12,2
"775","BSN","tan",0.860705932466902,1.18015858701836,0.357128700137071,0.893981001758528,5,7
"776","AP1G1","lightcyan",0.879801296179916,0.89093729027959,0.582200942544428,0.923794316670302,4,4
"777","STARD3NL","tan",0.890281370391172,1.10968800361541,-0.191075375882335,0.850078547522195,9,3
"778","STARD3","red",0.855131254594734,2.30716801138658,1.04573911708452,0.483590642160362,11,10
"779","STAR","yellow",0.904404401653302,2.76732411700545,-0.358386856854243,0.382439457960401,20,6
"780","SRA1","yellow",0.757413307113199,0.822203360814352,-0.35150025043393,0.483590642160362,44,29
"781","NURR77/NR4A1","red",0.730299816913784,1.74580955959165,-0.320460240666161,0.90095384173007,19,32
"782","NR5A1/SF1","red",0.683038906569799,0.666603617573657,-0.274300604347407,0.755888484570737,39,39
"783","NR4A3","yellow",0.684012192721006,1.30054199278289,-0.54959524343578,0.0977472608541299,34,40
"784","NR4A2","magenta",0.792104879881103,1.66451691863282,-0.406470144600177,0.750371829791177,34,34
"785","NR3C2","black",0.918608060934919,3.65085115127856,-0.0867636543570764,0.963233378564299,11,3
"786","NR3C1","magenta",0.565728410548093,0.233702513989858,0.507703481623369,0.850078547522195,42,43
"787","CTNNB1","yellow",0.844534861521459,3.13189630063639,-0.482509162229577,0.0633313298031162,17,19
"788","DLG3","black",0.841900444850402,2.6126959317037,0.164590102090666,0.950288162065609,20,22
"789","DLG4","yellow",0.9172808801751,4.92485310435962,-0.899293741476908,6.35294882592818e-05,3,3
"790","DNM1","yellow",0.907816206877704,5.2911268315848,-0.58198019855971,0.0279331694217627,1,5
"791","ERBB2IP","lightcyan",0.915454870853128,0.950862671345922,1.16416603461693,0.923426409216927,2,2
"792","GAP43","yellow",0.675462195964433,1.10095975128069,-0.483883467097724,0.33090827849918,39,45
"793","HOMER1","yellow",0.612161171512142,0.535061292326398,-2.16473685992638,9.3606183534407e-14,52,53
"794","NPTX1","yellow",0.899784231046528,4.1613856035962,-1.49372729421699,1.00212123146814e-09,8,7
"795","NPTXR","yellow",0.523806732005138,0.18607120956335,-2.59143517959513,3.0111166398856e-09,58,55
"796","NSF","tan",0.816196143709658,0.504847201968456,-0.462480163827534,0.638757316615857,18,12
"797","SAP47","tan",0.857210516077097,0.935356006016073,0.141466981514586,0.953523000010282,13,9
"798","SNAP25","yellow",0.697363911076489,0.873996548262645,-1.1984284733283,2.16042086159975e-05,43,38
"799","SYN3","grey",-0.296567144043811,NA,-0.0804948007905386,0.963695164059895,18,18
"800","SYN1","tan",0.794058637597688,0.554173792230464,-0.0544456213404043,0.976112336094723,17,17
"801","STX7","tan",0.905785579841591,1.57094055818149,-0.248566916172911,0.821121700168544,1,1
"802","STX5A","tan",0.688953687025525,0.264526162643989,-0.190028506488001,0.821121700168544,19,19
"803","STX4A","black",0.770849847856764,1.34218136988718,0.0223257573113651,0.989792983569213,35,36
"804","STX1A/STX1","lightcyan",0.845803469150981,0.915058935915608,-0.118238483241172,0.973532290327184,3,7
"805","SPRY2","magenta",0.866234832419586,3.1139485577637,-0.729572675746423,0.923426409216927,20,21
"806","SNCG","red",0.664240966249931,0.481028366999191,-0.0180854469330107,0.996811283917838,43,40
"807","SNCB","yellow",0.64675665169939,0.700446641890807,-0.397405587015425,0.397122598906042,48,50
"808","SNCAIP","black",0.754264695518651,1.16826079243427,-0.617386534703181,0.23644558894455,37,38
"809","SNCA","yellow",0.680815328656085,1.30579928328666,-0.507996424221392,0.123399570201876,33,43
"810","SNAP29","black",0.679406785840941,0.465797952784318,0.0460933406835413,0.976112336094723,49,47
"811","SYNGR1","black",0.748832963695561,0.853761342866179,3.55437735286948,4.81420893981304e-05,43,39
"812","SYNJ1","black",0.669584496818757,0.345280011646119,1.19174628495697,0.00161116853780725,50,48
"813","SYNPO","magenta",0.756983213900475,0.889199316651065,-9.03293241385034,0.000677399981473067,39,36
"814","SYP","yellow",0.631588214306046,0.792586062007042,-1.80693896658582,1.43962465377045e-11,45,51
"815","SYT1","yellow",0.863032994800396,2.81995982157371,-1.54220992116797,6.0364357401016e-11,19,15
"816","VAMP1","lightcyan",0.692548053734358,0.161440849438606,19.5866848380809,0.000246712933134596,14,14
"817","VAPB","yellow",0.892418446350837,3.21083904007959,-0.490330746914621,0.124561881729358,16,8
"818","ADARB1/RED1","red",0.910978403367755,3.0655140353185,0.301715080883029,0.923426409216927,3,3
"819","AFF4/LAF4","yellow",0.56973630093875,0.557061333357241,-0.320764385013975,0.708861332268963,51,54
"820","ATF4","red",0.729261137236748,1.13037434231417,-0.123585876493633,0.950698340609842,30,35
"821","ATF5","tan",0.86312545833265,1.17146240919412,0.0716322752147302,0.976112336094723,6,5
"822","CREB1/CREB","yellow",0.748360324616607,1.86022609064018,-1.82532645405607,3.40624776057044e-10,26,31
"823","ERCC1","tan",0.800889536500297,0.592093286759554,-0.518084426794979,0.426371219382425,16,16
"824","ELAVL4","magenta",0.894784550841387,3.79666956014747,-0.251161334736726,0.965137505477652,10,9
"825","ELAVL3","yellow",0.52206926176999,0.475959944201807,-0.449410381167742,0.475399039892859,54,56
"826","ELAVL2","magenta",0.877321870193656,3.31582500897747,0.227776674950996,0.953523000010282,17,15
"827","ELAVL1","magenta",0.919797872589348,4.75394216044217,-0.519345554062717,0.880005436456108,3,4
"828","EGR2","red",0.854068524287907,2.81331978046309,-0.107694697394439,0.963695164059895,6,11
"829","DHX9/RHA","red",0.768708225349542,2.32417207499417,-0.413405659926779,0.848094015112083,10,25
"830","DDX17","red",0.552603904816074,0.204407134482219,-0.311649200980557,0.750371829791177,49,47
"831","DDX10","cyan",0.75595918930384,0.345284521866784,0.298138949893996,0.886518651184215,14,14
"832","DDX1","black",0.780075855655721,1.49691612811735,0.00900494909279725,0.996811283917838,32,32
"833","CREM","magenta",0.721250015402233,0.890647784432246,-0.307460376001023,0.821121700168544,38,38
"834","CREBBP","black",0.807137379949098,1.42514498659566,0.0354537141836259,0.976112336094723,33,26
"835","ERN1","black",0.812167167838399,1.40883918854455,0.197610853810523,0.947503077527357,34,24
"836","MLH1","black",0.775677361408546,0.940141256097623,0.214449202159729,0.872239532667058,41,33
"837","NAB1","yellow",0.823176615311091,1.61637534418146,-0.495278701412069,0.112553392639374,29,25
"838","NRF1","yellow",0.656584189722645,1.19816505206613,-2.54753897215244,3.71115692816994e-23,36,49
"839","NRF2/NFE2L2","cyan",0.848197741142366,0.712793247390384,-0.288723898290185,0.850078547522195,11,10
"840","PINK1","red",0.760033423272701,1.68877764993887,-0.471982716966472,0.823610151239523,20,27
"841","PIWIL1","magenta",0.91257884634891,4.20193200355945,-0.122217040446848,0.976112336094723,5,6
"842","POLR2C","red",0.730174429959839,0.480981067074688,-0.0941038399177509,0.963233378564299,44,33
"843","RAC1","red",0.834187049184464,1.65085484403971,3.89831723519418,0.094467020742742,21,15
"844","RBM3","tan",0.861831606847926,1.16215382286397,-0.435390360406512,0.794299797763093,7,6
"845","REST","grey",-0.384093516615379,NA,-0.871014642501566,0.27367518227999,19,20
"846","RHEB/RHEB2","tan",0.876115370205535,0.901670040185878,-0.034091234698641,0.994600537241749,14,4
"847","pBs","blue",0.408267451323471,0.0507805883688293,-0.779778443403889,0.0633313298031162,132,131
"848","TREM2","tan",0.76162216144283,0.999833859393162,-0.420065092456674,0.759045108112307,10,18
"849","TFEB","tan",0.827993690612443,1.45566990759236,-0.510223597656467,0.63089128684223,2,11
"850","TFE3","red",0.796019733968353,1.3203329859863,2.48622204993918,0.036293829087584,27,21
"851","TAF10/TBPAF","red",0.818075711439001,1.4295469005916,3.56148994969166,0.00421381550975261,24,18
"852","TAF1","yellow",0.683844579166501,0.31326376119211,-0.559338674875846,0.0934646277363021,56,41
"853","SUV39H2","red",0.851858769270427,1.62830304581909,3.2664032575019,0.000136289651246446,22,12
"854","SUV39H1","cyan",0.815718503005447,0.677219981453631,1.64310429096605,0.138521043102471,12,12
"855","SSBP1","cyan",0.859999772690292,0.976554946315603,-0.056142216548821,0.976112336094723,8,5
"856","SP1","grey",0.489899834682934,NA,3.40611005020877,9.67565521050195e-08,20,9
"857","SLIT1","cyan",0.855339920262096,0.916807481277669,-0.0980963572723236,0.964010629824836,10,8
"858","RPS19BP1","black",0.728486980178882,0.926683007992983,-0.169116323267763,0.923426409216927,42,44
"859","NTRK3","brown",0.698175538029555,1.73935747675408,NA,NA,102,96
"860","NTRK2","lightcyan",0.566258417985,0.0993930160862766,NA,NA,15,15
"861","NTRK1","blue",0.795590916937008,6.23667031806944,NA,NA,104,100
